"DATASET","SERIES_CODE","OBS_MEASURE","COUNTRY","INDEX_TYPE","COICOP_1999","2011","2012","2013","2014","2015","2016","2017","2018","2019","2020","2021","2022","2023","2024"
"IMF.STA:CPI(3.0.1)","USA.CPI._T.IX.A","OBS_VALUE","United States","Consumer price index (CPI)","All Items","103.156841568622","105.2915045328674","106.833848874866","108.5669321189636","108.6957219606935","110.0670089342698","112.4115573023076","115.1573032247906","117.2441954762282","118.6905015771978","124.2664138258379","134.2112061684602","139.7357935632595","143.8573360146079"
"IMF.STA:CPI(3.0.1)","GBR.CPI._T.IX.A","OBS_VALUE","United Kingdom","Consumer price index (CPI)","All Items","93.59166666666668","96.0","98.2","99.625","99.99166666666665","101.0","103.5833333333333","105.9583333333333","107.8","108.8666666666667","111.6083333333334","120.45","128.6333333333333","132.8416666666667"
"IMF.STA:CPI(3.0.1)","AUT.CPI._T.IX.A","OBS_VALUE","Austria","Consumer price index (CPI)","All Items","86.295485","88.44051083333332","90.20945916666665","91.65805333333331","92.47982583333335","93.30436833333334","95.24628333333332","97.14966583333332","98.63692583333332","100.0","102.7666666666667","111.55","120.2666666666666","123.8"
"IMF.STA:CPI(3.0.1)","BEL.CPI._T.IX.A","OBS_VALUE","Belgium","Consumer price index (CPI)","All Items","96.1675","98.89833333333333","99.99916666666668","100.3391666666667","100.9025","102.8941666666667","105.0816666666667","107.2391666666667","108.78","109.5858333333333","112.26","123.0341666666667","128.0158333333334","132.04"
"IMF.STA:CPI(3.0.1)","FRA.CPI._T.IX.A","OBS_VALUE","France","Consumer price index (CPI)","All Items","96.715","98.60499999999998","99.45666666666668","99.96166666666667","99.99916666666668","100.1825","101.2166666666666","103.09","104.2325","104.7291666666666","106.4491666666666","112.0083333333334","117.4725","119.8208333333334"
"IMF.STA:CPI(3.0.1)","DNK.CPI._T.IX.A","OBS_VALUE","Denmark","Consumer price index (CPI)","All Items","95.91666666666664","98.21666666666668","98.99166666666667","99.55","99.99999999999999","100.25","101.4","102.225","103.0","103.4333333333334","105.35","113.4583333333334","117.2083333333334","118.8166666666666"
"IMF.STA:CPI(3.0.1)","DEU.CPI._T.IX.A","OBS_VALUE","Germany","Consumer price index (CPI)","All Items","90.31732166666669","92.131335","93.51765666666668","94.36566916666668","94.85111083333335","95.31753833333332","96.75635166666665","98.432335","99.85533166666669","100.0","103.0666666666667","110.15","116.7","119.3333333333333"
"IMF.STA:CPI(3.0.1)","ITA.CPI._T.IX.A","OBS_VALUE","Italy","Consumer price index (CPI)","All Items","95.58139500000001","98.4883725","99.68992416666666","99.93022416666668","99.96898749999998","99.87500000000001","101.1","102.25","102.875","102.7333333333334","104.6583333333333","113.2416666666666","119.6083333333334","120.7833333333334"
"IMF.STA:CPI(3.0.1)","LUX.CPI._T.IX.A","OBS_VALUE","Luxembourg","Consumer price index (CPI)","All Items","94.69833333333332","97.22000000000001","98.90583333333332","99.5275","100.0","100.2908333333333","102.0266666666666","103.5858333333333","105.3916666666667","106.2558333333334","108.9408333333334","115.8433333333333","120.1775","122.6425"
"IMF.STA:CPI(3.0.1)","NLD.CPI._T.IX.A","OBS_VALUE","Netherlands, The","Consumer price index (CPI)","All Items","93.73333333333332","96.035","98.4425","99.40333333333335","100.0","100.3166666666667","101.7025","103.435","106.1591666666667","107.51","110.3866666666667","121.4266666666667","126.0875","130.3083333333333"
"IMF.STA:CPI(3.0.1)","NOR.CPI._T.IX.A","OBS_VALUE","Norway","Consumer price index (CPI)","All Items","93.27499999999998","93.92500000000003","95.91666666666669","97.875","100.0","103.55","105.4916666666667","108.4083333333333","110.7583333333333","112.1833333333333","116.0916666666667","122.7833333333334","129.5583333333334","133.6333333333333"
"IMF.STA:CPI(3.0.1)","SWE.CPI._T.IX.A","OBS_VALUE","Sweden","Consumer price index (CPI)","All Items","311.4291666666668","314.1958333333332","314.0566666666668","313.4925","313.3458333333332","316.43","322.1083333333332","328.4008333333332","334.26","335.9225","343.1891666666668","371.9116666666668","403.705","415.1533333333332"
"IMF.STA:CPI(3.0.1)","CHE.CPI._T.IX.A","OBS_VALUE","Switzerland","Consumer price index (CPI)","All Items","101.8527583333334","101.147375","100.9275583333333","100.9142333333334","99.75986666666668","99.32629166666668","99.85648333333334","100.791475","101.1572333333333","100.4229583333333","101.0072333333333","103.8708166666667","106.088875","107.2159"
"IMF.STA:CPI(3.0.1)","CAN.CPI._T.IX.A","OBS_VALUE","Canada","Consumer price index (CPI)","All Items","119.8583333333333","121.675","122.8166666666667","125.1583333333333","126.5666666666666","128.375","130.425","133.3833333333334","135.9833333333334","136.9583333333333","141.6083333333333","151.2416666666666","157.1083333333334","160.85"
"IMF.STA:CPI(3.0.1)","JPN.CPI._T.IX.A","OBS_VALUE","Japan","Consumer price index (CPI)","All Items","94.55833333333332","94.51666666666668","94.83333333333331","97.45","98.225","98.09999999999998","98.575","99.55","100.0166666666667","99.99166666666667","99.75833333333333","102.25","105.5916666666666","108.4833333333334"
"IMF.STA:CPI(3.0.1)","FIN.CPI._T.IX.A","OBS_VALUE","Finland","Consumer price index (CPI)","All Items","95.05660833333332","97.7261175","99.17078916666668","100.2033516666667","99.99500000000002","100.3516666666667","101.1083333333333","102.2041666666667","103.2508333333333","103.5508333333333","105.8233333333334","113.3616666666666","120.4475","122.3333333333333"
"IMF.STA:CPI(3.0.1)","GRC.CPI._T.IX.A","OBS_VALUE","Greece","Consumer price index (CPI)","All Items","102.6349091666666","104.176","103.2162583333333","101.8617916666667","100.093585","99.26715833333336","100.3801958333333","101.0081958333333","101.2637541666667","99.9999991666667","101.2238241666667","110.987125","114.8326083333333","117.9807333333333"
"IMF.STA:CPI(3.0.1)","ISL.CPI._T.IX.A","OBS_VALUE","Iceland","Consumer price index (CPI)","All Items","133.7861666666667","140.7241833333333","146.1734166666667","149.1621","151.598","154.1705083333334","156.88455","161.0936333333333","165.94895","170.67505","178.2602583333333","193.0714666666667","209.938775","222.23455"
"IMF.STA:CPI(3.0.1)","IRL.CPI._T.IX.A","OBS_VALUE","Ireland","Consumer price index (CPI)","All Items","81.13333333333333","82.50833333333333","82.93333333333335","83.09166666666668","82.81666666666668","82.83333333333331","83.13333333333335","83.525","84.30833333333335","84.03333333333332","86.0","92.73333333333332","98.57499999999997","100.6583333333334"
"IMF.STA:CPI(3.0.1)","MLT.CPI._T.IX.A","OBS_VALUE","Malta","Consumer price index (CPI)","All Items","93.17053121411509","95.38409586696282","96.5098994359043","96.80937590014997","97.87480980580432","98.5038539210533","99.84779566648238","101.0038570332665","102.662400985934","103.3179465699355","104.8655380114688","111.3187075787838","116.9892464642188",""
"IMF.STA:CPI(3.0.1)","PRT.CPI._T.IX.A","OBS_VALUE","Portugal","Consumer price index (CPI)","All Items","97.3015","100.0","100.2744166666667","99.99549999999998","100.4834166666667","101.09375","102.4773333333333","103.4956666666667","103.8456666666666","103.83275","105.1469166666666","113.38275","118.271","121.1285833333333"
"IMF.STA:CPI(3.0.1)","ESP.CPI._T.IX.A","OBS_VALUE","Spain","Consumer price index (CPI)","All Items","90.50358333333332","92.71741666666665","94.02341666666668","93.88133333333332","93.41158333333335","93.22233333333332","95.04583333333332","96.63783333333332","97.31383333333332","96.99975","100.0000833333334","108.3906666666667","112.2194166666667","115.3325833333334"
"IMF.STA:CPI(3.0.1)","AUS.CPI._T.IX.A","OBS_VALUE","Australia","Consumer price index (CPI)","All Items","99.275","101.025","103.5","106.075","107.675","109.05","111.175","113.3","115.125","116.1","119.425","127.3","134.425","138.675"
"IMF.STA:CPI(3.0.1)","TUR.CPI._T.IX.A","OBS_VALUE","Türkiye, Republic of","Consumer price index (CPI)","All Items","189.9458333333333","206.835","222.3333333333333","242.02","260.585","280.8458333333332","312.1441666666668","363.125","418.2358333333332","469.5908333333332","561.6141666666665","967.7108333333335","1488.914166666667","2360.025"
"IMF.STA:CPI(3.0.1)","NZL.CPI._T.IX.A","OBS_VALUE","New Zealand","Consumer price index (CPI)","All Items","94.269985","95.269165","96.34992","97.5326225","97.818105","98.450245","100.27235","101.875","103.525","105.3","109.45","117.3","124.025","127.65"
"IMF.STA:CPI(3.0.1)","ARG.CPI._T.IX.A","OBS_VALUE","Argentina","Consumer price index (CPI)","All Items","","","","","","","112.8871083333334","151.581675","232.7510916666666","330.5416833333332","490.5548583333335","845.8674583333332","1975.006925","6317.72975"
"IMF.STA:CPI(3.0.1)","BOL.CPI._T.IX.A","OBS_VALUE","Bolivia","Consumer price index (CPI)","All Items","76.64166666666665","80.10249999999998","84.6975","89.58166666666668","93.21833333333332","96.59583333333332","99.3225","101.5791666666667","103.4477611986","104.420937894925","105.19092089275","107.0279001650833","109.785889286325","115.3847123931167"
"IMF.STA:CPI(3.0.1)","BRA.CPI._T.IX.A","OBS_VALUE","Brazil","Consumer price index (CPI)","All Items","3321.196666666668","3500.6575","3717.849166666665","3953.153333333332","4310.119166666668","4686.786666666668","4848.310833333332","5025.994166666668","5213.613333333335","5381.0625","5827.78","6368.604166666668","6661.15","6952.073333333335"
"IMF.STA:CPI(3.0.1)","COL.CPI._T.IX.A","OBS_VALUE","Colombia","Consumer price index (CPI)","All Items","75.24604","77.63081416666665","79.19662166666669","81.49240333333331","85.55873666666665","91.98715833333333","95.9557725","99.06528583333335","102.555375","105.146575","108.8215083333333","119.896525","133.9674666666667","142.8214916666667"
"IMF.STA:CPI(3.0.1)","CRI.CPI._T.IX.A","OBS_VALUE","Costa Rica","Consumer price index (CPI)","All Items","80.24775","83.85525000000003","88.242","92.22983333333335","92.9695","92.95325","94.46458333333335","96.56275","98.58675","99.30141666666665","101.0158333333334","109.3746661573761","109.9490948041898","109.4945"
"IMF.STA:CPI(3.0.1)","DOM.CPI._T.IX.A","OBS_VALUE","Dominican Republic","Consumer price index (CPI)","All Items","77.70814970133571","80.57907502207821","84.47181062638575","87.00481803867348","87.73282767508643","89.14898121382062","92.07267282020695","95.3545427144325","97.08103566009592","100.7517004893533","109.0566666666666","118.66575","124.3446333333334","128.4507833333333"
"IMF.STA:CPI(3.0.1)","GTM.CPI._T.IX.A","OBS_VALUE","Guatemala","Consumer price index (CPI)","All Items","59.78587569377295","62.04686245267862","64.74178807693775","66.95489656227295","68.55426178731211","71.6038583610569","74.77199724675918","77.57733929868839","80.4476884249168","83.03363160108599","86.57173721846198","92.53231233987225","98.27540055829601","101.0951132626308"
"IMF.STA:CPI(3.0.1)","HND.CPI._T.IX.A","OBS_VALUE","Honduras","Consumer price index (CPI)","All Items","235.1083333333333","247.325","260.0916666666668","276.0333333333332","284.75","292.5083333333332","304.0166666666668","317.2333333333332","331.0833333333332","342.5666666666668","357.9166666666668","390.45","416.4666666666665","435.65"
"IMF.STA:CPI(3.0.1)","NIC.CPI._T.IX.A","OBS_VALUE","Nicaragua","Consumer price index (CPI)","All Items","150.2966666666666","161.1083333333333","172.6041666666667","183.0225","190.33860475","197.0445634166667","204.6321025833334","214.75573825","226.3016293333333","234.6336330833333","246.1973498333334","271.9678714166668","294.7796078333332","308.4123935833332"
"IMF.STA:CPI(3.0.1)","PRY.CPI._T.IX.A","OBS_VALUE","Paraguay","Consumer price index (CPI)","All Items","78.78250591016548","81.67848699763594","83.87062110466366","88.0883301096067","90.84461637653128","94.55727487642382","97.9636793466581","101.8583333333334","104.6666666666666","106.5166666666667","111.6166666666666","122.5166666666666","128.1916666666667","133.1083333333334"
"IMF.STA:CPI(3.0.1)","PER.CPI._T.IX.A","OBS_VALUE","Peru","Consumer price index (CPI)","All Items","72.100788717686","74.70450173647983","76.77224514552606","79.39167253785642","82.08947456932152","85.00954217895772","87.5554933470993","88.87684077876105","90.87845558603735","92.6982167384464","96.657972920354","104.7131645","111.4730416666666","113.7110941666667"
"IMF.STA:CPI(3.0.1)","ATG.CPI._T.IX.A","OBS_VALUE","Antigua and Barbuda","Consumer price index (CPI)","All Items","90.55419897108905","93.6121060068111","94.60392423254355","95.63457871410284","96.56127152621792","96.08866416684782","98.42600928676664","99.61416666666668","101.04","101.6725","103.77","111.585","117.2391666666666",""
"IMF.STA:CPI(3.0.1)","VEN.CPI._T.IX.A","OBS_VALUE","Venezuela, República Bolivariana de","Consumer price index (CPI)","All Items","238.541666666667","288.8","406.166666666667","658.675","1460.53333333333","5184.14166666667","","","","","","","",""
"IMF.STA:CPI(3.0.1)","AIA.CPI._T.IX.A","OBS_VALUE","Anguilla, United Kingdom-British Overseas Territory","Consumer price index (CPI)","All Items","105.795","107.285","107.4425","107.17","106.1275","105.573687","106.94","107.3425","108.2175","107.705","109.64","115.73","119.6725",""
"IMF.STA:CPI(3.0.1)","BHS.CPI._T.IX.A","OBS_VALUE","Bahamas, The","Consumer price index (CPI)","All Items","96.04789855072468","97.94327662255832","98.65083333333332","100.1441666666667","102.0083333333333","101.655","103.1983333333333","105.5366666666667","108.1658333333333","108.2075","111.3508333333334","117.5925","121.1825",""
"IMF.STA:CPI(3.0.1)","ABW.CPI._T.IX.A","OBS_VALUE","Aruba, Kingdom of the Netherlands","Consumer price index (CPI)","All Items","94.5593333333333","95.1526666666667","92.8955833333333","93.2870833333333","93.7299764460227","92.8571666666667","91.9023333333333","95.23475","99.2893333333333","","","","",""
"IMF.STA:CPI(3.0.1)","BRB.CPI._T.IX.A","OBS_VALUE","Barbados","Consumer price index (CPI)","All Items","72.3864461194863","75.66797529313232","77.0406713324203","78.40390849304835","77.53143769844552","78.5253350083752","82.18476060859852","85.2040759352317","88.69768983807926","","","102.9574958123953","113.0391666666667",""
"IMF.STA:CPI(3.0.1)","DMA.CPI._T.IX.A","OBS_VALUE","Dominica","Consumer price index (CPI)","All Items","100.975","102.345","102.2975","103.11511315","102.245","102.39","102.6933333333333","103.7091666666667","105.2695992","104.5041666666667","106.0541666666666","114.3058333333333","119.1383333333333",""
"IMF.STA:CPI(3.0.1)","GLP.CPI._T.IX.A","OBS_VALUE","Guadeloupe","Consumer price index (CPI)","All Items","96.6366666666667","98.4525","99.3516666666667","99.7025","100.000833333333","99.9066666666667","","","","","","","",""
"IMF.STA:CPI(3.0.1)","GRD.CPI._T.IX.A","OBS_VALUE","Grenada","Consumer price index (CPI)","All Items","106.7083333333334","109.2808333333333","109.23275","108.1583333333333","107.6008333333334","109.3766666666666","110.370308025","111.257798225","111.9232864833334","111.0942342166667","112.4490416666666","115.3508333333333","118.4608333333334",""
"IMF.STA:CPI(3.0.1)","GUY.CPI._T.IX.A","OBS_VALUE","Guyana","Consumer price index (CPI)","All Items","107.1682710540299","109.7316666666667","111.8179419747532","112.7713358497514","111.6416666666667","112.575","114.7191666666667","116.1908333333334","118.6160042998976","119.7942609856205","125.8233333333334","133.5175","137.2841666666666","141.2708333333334"
"IMF.STA:CPI(3.0.1)","BLZ.CPI._T.IX.A","OBS_VALUE","Belize","Consumer price index (CPI)","All Items","96.04861812425855","97.29780795788095","97.79378136321579","98.9686755051603","98.11597722266548","98.76690527162845","99.90040701119678","100.17012075008","100.3575083791027","100.4793771627472","103.7305246580112","110.2415789008636","115.0810080208722","118.8666666666666"
"IMF.STA:CPI(3.0.1)","MTQ.CPI._T.IX.A","OBS_VALUE","Martinique","Consumer price index (CPI)","All Items","96.465","97.8933333333333","99.105","99.8608333333333","100.0","99.755","100.316666666667","","","","","","",""
"IMF.STA:CPI(3.0.1)","MSR.CPI._T.IX.A","OBS_VALUE","Montserrat, United Kingdom-British Overseas Territory","Consumer price index (CPI)","All Items","94.6808510638298","99.1931068806769","100.0553689187508","99.6736940976845","98.53065329864178","98.28833333333333","99.46083333333333","100.7675","99.68833333333335","97.8002911027672","100.3516666666666","103.3425","102.2166666666667",""
"IMF.STA:CPI(3.0.1)","SXM.CPI._T.IX.A","OBS_VALUE","Sint Maarten, Kingdom of the Netherlands","Consumer price index (CPI)","All Items","116.31314625","120.983333333333","124.042575833333","126.382954916667","126.800053","126.941666666667","129.724240833333","","","","","","",""
"IMF.STA:CPI(3.0.1)","CUW.CPI._T.IX.A","OBS_VALUE","Curaçao, Kingdom of the Netherlands","Consumer price index (CPI)","All Items","116.991666666667","120.716666666667","122.325","124.158333333333","123.566666666667","123.508333333333","125.466666666667","128.708333333333","132.083333333333","","","","",""
"IMF.STA:CPI(3.0.1)","LCA.CPI._T.IX.A","OBS_VALUE","St. Lucia","Consumer price index (CPI)","All Items","94.45108013495458","98.39690233924318","99.84192491666666","103.353321","102.33673675","99.18658924999998","99.29000325","101.21187935","101.7575","99.97083333333335","102.3808333333334","108.9108333333333","113.3441666666667",""
"IMF.STA:CPI(3.0.1)","VCT.CPI._T.IX.A","OBS_VALUE","St. Vincent and the Grenadines","Consumer price index (CPI)","All Items","103.9083333333333","106.6083333333334","107.4666666666667","107.675","105.8083333333333","105.65","107.925","110.4333333333333","111.4416666666667","110.7416666666667","112.4833333333333","118.85","124.275","128.7833333333334"
"IMF.STA:CPI(3.0.1)","VGB.CPI._T.IX.A","OBS_VALUE","British Virgin Islands","Consumer price index (CPI)","All Items","","","","","104.94079174532","106.049259007818","","","","","","","",""
"IMF.STA:CPI(3.0.1)","TTO.CPI._T.IX.A","OBS_VALUE","Trinidad and Tobago","Consumer price index (CPI)","All Items","79.66578180990174","87.04305736165298","91.56913740788902","96.77431007079902","101.2851696773048","104.3953003885774","106.3583333333333","107.4416666666666","108.5166666666667","109.1666666666666","111.414656653827","117.9083333333333","123.3666666666667","124.0166666666667"
"IMF.STA:CPI(3.0.1)","CYM.CPI._T.IX.A","OBS_VALUE","Cayman Islands","Consumer price index (CPI)","All Items","100.2104","101.40185","103.59275","104.9125","102.44965","101.809075","","","","","","","",""
"IMF.STA:CPI(3.0.1)","BHR.CPI._T.IX.A","OBS_VALUE","Bahrain, Kingdom of","Consumer price index (CPI)","All Items","83.7730799041517","86.08303604460701","88.92378619292595","91.27809075091955","92.96548256841628","95.55623857158382","96.88133442415548","98.90389637831915","99.89869159537749","97.58333333333331","96.99166666666667","100.5083333333333","100.5833333333334","101.5083333333334"
"IMF.STA:CPI(3.0.1)","IRN.CPI._T.IX.A","OBS_VALUE","Iran, Islamic Republic of","Consumer price index (CPI)","All Items","11.22705865662183","14.28719700910352","19.51674480502989","22.75780342096166","25.59904270838198","27.4538022738507","29.66243990528405","35.00586693151902","48.97577921757708","63.9594972067038","91.71089385474842","131.5945530726256","190.2583333333334",""
"IMF.STA:CPI(3.0.1)","CYP.CPI._T.IX.A","OBS_VALUE","Cyprus","Consumer price index (CPI)","All Items","101.534396910883","103.9601085836224","103.544935909533","102.1419135685978","100.0","98.57083333333335","99.095","100.5175","100.7691666666667","100.1258333333333","102.575","111.1866666666666","115.1241666666667","117.1966666666667"
"IMF.STA:CPI(3.0.1)","IRQ.CPI._T.IX.A","OBS_VALUE","Iraq","Consumer price index (CPI)","All Items","","","","","103.5570163789287","104.1333333333333","104.325","104.7083333333334","104.5","105.1","111.45","117.0166666666667","122.1166666666667",""
"IMF.STA:CPI(3.0.1)","ISR.CPI._T.IX.A","OBS_VALUE","Israel","Consumer price index (CPI)","All Items","90.81666666666668","92.34166666666668","93.79166666666669","94.24166666666667","93.675","93.15833333333332","93.39999999999998","94.14166666666668","94.94166666666668","94.35833333333332","95.78333333333332","99.99166666666667","104.2166666666667","107.4166666666667"
"IMF.STA:CPI(3.0.1)","JOR.CPI._T.IX.A","OBS_VALUE","Jordan","Consumer price index (CPI)","All Items","83.56075529122808","87.33371522030377","91.54723785619822","94.20163083874775","93.37562255787482","92.64875826681785","95.7283052247098","99.99999999999994","100.7615140472655","101.0973464811927","102.4582115662692","106.7913288495422","109.0177890813133",""
"IMF.STA:CPI(3.0.1)","KWT.CPI._T.IX.A","OBS_VALUE","Kuwait","Consumer price index (CPI)","All Items","94.5627427184466","97.6408980582524","100.2599167822468","103.1764042995839","106.5520284327323","109.9599861303745","112.3481333795654","112.9583333333333","114.1916666666667","116.5916666666666","120.5833333333334","125.3833333333333","129.95","133.7166666666666"
"IMF.STA:CPI(3.0.1)","LBN.CPI._T.IX.A","OBS_VALUE","Lebanon","Consumer price index (CPI)","All Items","88.59528288156548","94.42615881209709","98.97846240099312","100.8141211350495","97.03445330320555","96.2743245743083","100.4346772009994","106.5380815659287","109.7399658763178","202.8700560034842","516.823834674948","1401.654620175063","4504.1",""
"IMF.STA:CPI(3.0.1)","OMN.CPI._T.IX.A","OBS_VALUE","Oman","Consumer price index (CPI)","All Items","91.75193495531282","94.4565388116518","95.45168397859615","96.41957821844508","96.48253068932952","97.55272269436573","99.1029272898961","99.98426188227889","100.475","100.0666666666667","101.75","104.3","105.2916666666667",""
"IMF.STA:CPI(3.0.1)","QAT.CPI._T.IX.A","OBS_VALUE","Qatar","Consumer price index (CPI)","All Items","86.83943161524722","88.85006712235975","91.71279635445532","94.78491902210727","96.5043906644498","99.08741917605765","99.4786945008929","99.73317630395958","99.06831393558716","96.55166666666665","98.77666666666669","103.7108333333333","106.8508333333334","108.205"
"IMF.STA:CPI(3.0.1)","SAU.CPI._T.IX.A","OBS_VALUE","Saudi Arabia","Consumer price index (CPI)","All Items","87.50935250000002","90.01760583333335","93.1975","95.28166666666668","96.43083333333335","98.42583333333332","97.60083333333333","100.0","97.90666666666668","101.28","104.3825","106.965","109.4541666666666","111.3016666666667"
"IMF.STA:CPI(3.0.1)","SYR.CPI._T.IX.A","OBS_VALUE","Syrian Arab Republic","Consumer price index (CPI)","All Items","152.6570552257741","208.6856984866102","292.2264188772368","324.1583333333332","448.8333333333332","662.95","782.78","790.1458333333335","896.1641666666668","","","","",""
"IMF.STA:CPI(3.0.1)","ARE.CPI._T.IX.A","OBS_VALUE","United Arab Emirates","Consumer price index (CPI)","All Items","89.39454714735675","89.98657943165006","90.9774381826888","93.11201329945278","96.90164066051248","98.46901315628251","100.40572689363","103.4868109587132","101.4883966618076","99.37804371489035","99.55685993193225","104.8246384330088","106.5298296024562",""
"IMF.STA:CPI(3.0.1)","YEM.CPI._T.IX.A","OBS_VALUE","Yemen, Republic of","Consumer price index (CPI)","All Items","139.26306288965","153.029755806066","169.814736043971","183.577754829868","","","","","","","","","",""
"IMF.STA:CPI(3.0.1)","EGY.CPI._T.IX.A","OBS_VALUE","Egypt, Arab Republic of","Consumer price index (CPI)","All Items","39.2254179376609","42.01502353051978","45.99372853723832","50.62539610304932","55.87549791728328","63.59391917015175","82.35832786208778","94.2191342667378","102.8428228046656","108.0311741971116","113.6639729926915","129.4583333333333","173.325",""
"IMF.STA:CPI(3.0.1)","WBG.CPI._T.IX.A","OBS_VALUE","West Bank and Gaza","Consumer price index (CPI)","All Items","92.8781534012145","95.4593187224229","97.1054185808795","98.78824101654244","100.2025047941954","99.98295448790871","100.1954891883333","99.99999999999935","101.5801833363939","100.8332317415533","102.0810238545906","105.9001035353094","112.1176063955933",""
"IMF.STA:CPI(3.0.1)","AFG.CPI._T.IX.A","OBS_VALUE","Afghanistan, Islamic Republic of","Consumer price index (CPI)","All Items","85.2273892232992","90.7170667350174","97.41722225318532","101.9704993590604","101.2957512194971","105.7364475081064","110.9978418597888","111.6928539021896","114.2644394718408","120.6654052975532","126.8594059948654","144.2544976134007","137.5542964011015","128.4740819388548"
"IMF.STA:CPI(3.0.1)","BGD.CPI._T.IX.A","OBS_VALUE","Bangladesh","Consumer price index (CPI)","All Items","53.57738495529918","56.90856112623175","61.19400706062615","65.4724710579777","69.52801938871617","73.36146462513788","77.54458680639247","81.8433651111511","86.4200431412378","91.33827239319461","96.40357723077832","103.8237165829844","114.0851367654123","126.025"
"IMF.STA:CPI(3.0.1)","BTN.CPI._T.IX.A","OBS_VALUE","Bhutan","Consumer price index (CPI)","All Items","","","60.9643936473755","66.0067957973425","69.0088798875308","71.23088776669606","74.7604378543137","76.79688516441642","78.89069876773918","83.33174433097518","89.45397292770045","94.4984315933574","98.4950955283735","101.214856061226"
"IMF.STA:CPI(3.0.1)","BRN.CPI._T.IX.A","OBS_VALUE","Brunei Darussalam","Consumer price index (CPI)","All Items","100.0920705216817","100.2039396868619","100.5939384835521","100.3855996533718","99.89536916666668","99.6169675","98.36129000000003","99.36954416666669","98.98148416666665","100.9020416666667","102.6510916666667","106.4309618037181","106.8109887847447","106.3958420659184"
"IMF.STA:CPI(3.0.1)","MMR.CPI._T.IX.A","OBS_VALUE","Myanmar","Consumer price index (CPI)","All Items","97.2105001110174","98.6371451052834","104.203277508575","109.364777603988","119.704311671538","127.998414253743","133.85118853298","143.049882119771","155.674130014551","","","","",""
"IMF.STA:CPI(3.0.1)","KHM.CPI._T.IX.A","OBS_VALUE","Cambodia","Consumer price index (CPI)","All Items","143.8353333333334","148.0559166666666","152.4111666666666","158.2876666666667","160.225","165.0624166666667","169.8700833333333","174.0473333333334","177.4283333333334","182.64525","187.9798333333334","198.0249166666667","202.2378333333333",""
"IMF.STA:CPI(3.0.1)","LKA.CPI._T.IX.A","OBS_VALUE","Sri Lanka","Consumer price index (CPI)","All Items","70.54491654609669","75.86605874375832","81.10722774327122","83.68562836438922","86.83921066252589","90.2770781573499","97.23214855072462","99.30809161490681","102.8120719461698","109.1390703933747","116.7949368530021","174.8666666666667","203.7916666666666","202.9166666666666"
"IMF.STA:CPI(3.0.1)","IND.CPI._T.IX.A","OBS_VALUE","India","Consumer price index (CPI)","All Items","91.34071498098385","99.99889853543768","110.0166666666667","117.35","123.1083333333334","129.2","133.5","138.7583333333333","143.9333333333333","153.4666666666667","161.3416666666667","172.15","181.875","190.8833333333333"
"IMF.STA:CPI(3.0.1)","IDN.CPI._T.IX.A","OBS_VALUE","Indonesia","Consumer price index (CPI)","All Items","95.89611333333335","99.9999875","106.4125","113.2175","120.4216666666667","124.6675","129.4158333333333","133.555","137.6025","140.2458","142.4338166666666","148.4295166666666","153.877075",""
"IMF.STA:CPI(3.0.1)","TLS.CPI._T.IX.A","OBS_VALUE","Timor-Leste, Democratic Republic of","Consumer price index (CPI)","All Items","78.03425845178148","87.2425425979003","96.91329862754378","97.61715570279222","98.15677946048272","96.84291292001892","97.38253667770942","99.95000000000002","100.9083333333333","101.4083333333333","105.1583333333334","112.525","122.0","124.5166666666667"
"IMF.STA:CPI(3.0.1)","KOR.CPI._T.IX.A","OBS_VALUE","Korea, Republic of","Consumer price index (CPI)","All Items","89.84999999999998","91.81508333333332","93.00991666666668","94.19558333333332","94.86091666666668","95.78266666666666","97.645","99.08608333333332","99.46558333333336","100.0","102.4983333333334","107.715","111.59","114.1808333333333"
"IMF.STA:CPI(3.0.1)","LAO.CPI._T.IX.A","OBS_VALUE","Lao People's Democratic Republic","Consumer price index (CPI)","All Items","85.25949339238595","88.88739292678615","94.5507884373874","98.4550203153751","99.71263972241692","101.3049631067004","102.1412139055509","104.2252957460073","107.6882424947426","113.1847286052132","117.4355173245788","144.3942759911432","189.4888021216911","233.3186413697763"
"IMF.STA:CPI(3.0.1)","MAC.CPI._T.IX.A","OBS_VALUE","Macao Special Administrative Region, People's Republic of China","Consumer price index (CPI)","All Items","74.75916666666664","79.325","83.68833333333332","88.75000000000001","92.7975","94.99583333333335","96.16250000000002","99.05166666666665","101.7775","102.6033333333334","102.6304763933333","103.7029936325","104.1970186158333",""
"IMF.STA:CPI(3.0.1)","MYS.CPI._T.IX.A","OBS_VALUE","Malaysia","Consumer price index (CPI)","All Items","103.1916666666667","104.9083333333334","107.1166666666667","110.4833333333333","112.8083333333334","115.1666666666667","119.625","120.6833333333333","121.4833333333333","120.1","123.075","127.2333333333333","130.4","132.7916666666667"
"IMF.STA:CPI(3.0.1)","NPL.CPI._T.IX.A","OBS_VALUE","Nepal","Consumer price index (CPI)","All Items","74.32376820458062","81.35465531558113","88.7092488611534","96.12902766608822","103.6933333333333","112.8083333333333","116.9","121.6475","128.4216666666667","134.91","140.5083333333333","151.2583333333333","162.02",""
"IMF.STA:CPI(3.0.1)","PAK.CPI._T.IX.A","OBS_VALUE","Pakistan","Consumer price index (CPI)","All Items","75.66837287879832","82.9948509880817","89.37894449681278","95.80474005728195","98.22795633818168","101.9263559462496","106.0904284653932","111.4777611688545","123.2702820723436","135.2767990885931","148.1229687705643","177.5607201595315","232.1928299325963","261.5246631343185"
"IMF.STA:CPI(3.0.1)","PLW.CPI._T.IX.A","OBS_VALUE","Palau, Republic of","Consumer price index (CPI)","All Items","89.10197206244862","92.32227814297453","95.4195152013147","99.41925842235005","100.3627875924404","99.31670090386196","100.725","102.85","103.125","103.35","106.05","119.15","134.425","137.425"
"IMF.STA:CPI(3.0.1)","PHL.CPI._T.IX.A","OBS_VALUE","Philippines","Consumer price index (CPI)","All Items","82.7062402633788","85.20972830850133","87.41042944785278","90.55530236634532","91.16581945661702","92.30876424189309","94.94250657318145","99.98333333333332","102.375","104.825","108.9416666666667","115.2833333333334","122.175","126.1"
"IMF.STA:CPI(3.0.1)","SGP.CPI._T.IX.A","OBS_VALUE","Singapore","Consumer price index (CPI)","All Items","91.99516666666668","96.20449999999998","98.47358333333332","99.48308333333333","98.96316666666665","98.43641666666667","99.00366666666665","99.43791666666668","100.0","99.81808333333335","102.11875","108.3695","113.5945","116.2826666666666"
"IMF.STA:CPI(3.0.1)","THA.CPI._T.IX.A","OBS_VALUE","Thailand","Consumer price index (CPI)","All Items","91.64854993973395","94.4116616166944","96.47444896867616","98.3027765957196","97.417633855643","97.60092484582282","98.25058772959142","99.29587331728028","99.99762565393831","99.15170859205658","100.3716666666667","106.4716666666667","107.7791666666667",""
"IMF.STA:CPI(3.0.1)","VNM.CPI._T.IX.A","OBS_VALUE","Vietnam","Consumer price index (CPI)","All Items","72.4122078627744","78.99788339007875","84.20595690847432","87.64539508233425","88.19861360943878","90.5519715027653","93.73963351691641","97.05766788768464","99.77122914442795","102.9847949518454","104.8742729970104","108.1846372893448","111.703767595296","115.7486646127206"
"IMF.STA:CPI(3.0.1)","DJI.CPI._T.IX.A","OBS_VALUE","Djibouti","Consumer price index (CPI)","All Items","80.65888484734847","83.6684368274718","85.93253186062782","87.08563038064298","86.34767568903261","88.71223087727932","89.21621581022931","89.34822980299192","92.31392425077046","93.95471917602605","95.06518668212271","99.98938128309803","101.4842906911929",""
"IMF.STA:CPI(3.0.1)","DZA.CPI._T.IX.A","OBS_VALUE","Algeria","Consumer price index (CPI)","All Items","142.3933333333333","155.0541666666667","160.1","164.77","172.6533333333333","183.6991666666667","193.97","202.2525","206.2","211.18","226.44","247.4208333333334","270.4858333333332","281.43"
"IMF.STA:CPI(3.0.1)","AGO.CPI._T.IX.A","OBS_VALUE","Angola","Consumer price index (CPI)","All Items","22.10337725274796","24.37514135131072","26.51474599286455","28.44512219371382","31.1064399057095","40.65437968718775","52.7874678620376","63.14908718469092","73.93555380870768","90.4021396927385","113.6845733308229","137.9622438010399","156.7859527587714","201.063081738323"
"IMF.STA:CPI(3.0.1)","BWA.CPI._T.IX.A","OBS_VALUE","Botswana","Consumer price index (CPI)","All Items","73.43342644320298","78.96803227808812","83.61499068901306","87.29593420235878","89.96896337678459","92.50155183116075","95.56176288019861","98.6560676598386","101.3916666666666","103.3083333333334","110.7888666666667","123.7130166666667","129.9823166666666","133.645675"
"IMF.STA:CPI(3.0.1)","CMR.CPI._T.IX.A","OBS_VALUE","Cameroon","Consumer price index (CPI)","All Items","77.93464666434966","80.06639054139742","81.7080295220047","83.2236305389848","85.45089072922762","86.19789419841717","86.74991339986941","87.67714688737648","89.82769382307097","92.01734161214178","94.10784460391298","99.98739889200363","107.3692824184679",""
"IMF.STA:CPI(3.0.1)","BDI.CPI._T.IX.A","OBS_VALUE","Burundi","Consumer price index (CPI)","All Items","66.71770921293329","78.83434261058308","85.09217967565326","88.8407900057283","93.76673543904025","98.9779995559317","114.8664778768896","111.6333333333334","110.8666666666666","118.9833333333333","128.9833333333333","153.2333333333334","194.5166666666667","233.8333333333334"
"IMF.STA:CPI(3.0.1)","CPV.CPI._T.IX.A","OBS_VALUE","Cabo Verde","Consumer price index (CPI)","All Items","95.59142574936978","98.01982692764942","99.49653762868542","99.25896164180575","99.38917748743614","97.98996037584821","98.75860856958455","99.99999999999999","101.1066667429606","101.7191666920978","103.6133331807454","111.8308333333334","115.9958331298828",""
"IMF.STA:CPI(3.0.1)","CAF.CPI._T.IX.A","OBS_VALUE","Central African Republic","Consumer price index (CPI)","All Items","66.12599004788729","69.74856747825424","74.62315077251088","85.74101833108965","86.94393924290215","91.2436932979812","95.0583396605446","96.5908292138097","99.18465379581993","100.8808666941667","105.17775019","111.05","114.3583333333333",""
"IMF.STA:CPI(3.0.1)","TCD.CPI._T.IX.A","OBS_VALUE","Chad","Consumer price index (CPI)","All Items","78.41464726778115","84.30878118673922","84.49651286892365","85.91772151898748","89.67844900523198","88.9678006329114","87.60027689873415","91.34485759493673","90.45704113924052","94.4951740506329","93.7648734177215","99.19200949367088","109.9408095991561","119.725"
"IMF.STA:CPI(3.0.1)","COM.CPI._T.IX.A","OBS_VALUE","Comoros, Union of the","Consumer price index (CPI)","All Items","150.299094888664","159.790098721433","152.927316410847","","","","","","","","","","",""
"IMF.STA:CPI(3.0.1)","COD.CPI._T.IX.A","OBS_VALUE","Congo, Democratic Republic of the","Consumer price index (CPI)","All Items","","122.237083333333","123.225031679417","124.756766754782","125.685205358893","129.312293206219","","","","","","","",""
"IMF.STA:CPI(3.0.1)","BEN.CPI._T.IX.A","OBS_VALUE","Benin","Consumer price index (CPI)","All Items","93.79612118515205","100.1223717877404","100.55178551563","99.99999999999982","100.218785923536","99.42374012682151","99.4667556643303","100.3810249564281","101.1166666666666","104.1731415833334","105.9790242733091","107.4105662916597","110.3439753367995",""
"IMF.STA:CPI(3.0.1)","GNQ.CPI._T.IX.A","OBS_VALUE","Equatorial Guinea, Republic of","Consumer price index (CPI)","All Items","116.6833333333334","120.95","124.5166666666667","129.8833333333333","132.0609973731125","133.9256183032298","134.9225","136.3527784865066","138.4393513624258","145.0383333333333","144.8975","151.8333333333334","",""
"IMF.STA:CPI(3.0.1)","ETH.CPI._T.IX.A","OBS_VALUE","Ethiopia, The Federal Democratic Republic of","Consumer price index (CPI)","All Items","59.43412346304948","73.4608248431814","78.9439569190278","84.38321095742926","92.4577556591838","98.58597901731832","109.1219759967969","124.2168578478749","143.8550861691586","173.1387264796152","219.6083333333334","294.0333333333332","382.8867600477095",""
"IMF.STA:CPI(3.0.1)","GAB.CPI._T.IX.A","OBS_VALUE","Gabon","Consumer price index (CPI)","All Items","83.19740858027627","85.4041518597332","85.83581950925098","89.86191215878517","89.55746432386943","91.4441778082936","93.86920958093872","98.3271207865169","100.75045910959","102.1133721353","103.22325","107.5908816833496","111.4953712860741","112.8033457676566"
"IMF.STA:CPI(3.0.1)","GMB.CPI._T.IX.A","OBS_VALUE","Gambia, The","Consumer price index (CPI)","All Items","58.66622726710965","61.16207747921252","64.64778372207365","68.49303348215548","73.1563508077971","78.44467176963255","84.7470655448074","90.2733947728635","96.69695729048286","102.4323210645312","109.9819391702281","122.6442916271083","143.4621948751418",""
"IMF.STA:CPI(3.0.1)","GNB.CPI._T.IX.A","OBS_VALUE","Guinea-Bissau","Consumer price index (CPI)","All Items","97.55279783393505","99.63120487364623","100.8338786101083","99.31204873646212","100.7786101083033","102.2934341155235","104.0233333333333","104.42","104.6775","105.8708333333333","108.2449749088286","118.4133333333333","",""
"IMF.STA:CPI(3.0.1)","GHA.CPI._T.IX.A","OBS_VALUE","Ghana","Consumer price index (CPI)","All Items","32.74032333378522","36.40276752810535","40.64958439306718","46.94604893469848","54.99728200882418","64.59685668229078","72.58872911524504","78.2570125089161","83.84741178337433","92.1376481772255","101.3247747800771","132.9947401006158","183.675","225.6416666666667"
"IMF.STA:CPI(3.0.1)","GIN.CPI._T.IX.A","OBS_VALUE","Guinea","Consumer price index (CPI)","All Items","46.14987655423302","53.17679248695062","59.49823072774348","63.15767272095805","70.59769867445115","76.36742346711488","83.1750901199237","91.349219426788","99.99999999999994","110.6016203387166","124.5344252693584","137.6018735700468","148.3416666666667","160.3916666666667"
"IMF.STA:CPI(3.0.1)","CIV.CPI._T.IX.A","OBS_VALUE","Côte d'Ivoire","Consumer price index (CPI)","All Items","97.60507749971391","98.87834666664256","101.4305652556488","101.8856660223135","103.1607646718708","103.9068010985837","104.6194781728826","104.9954900260193","103.8333333333334","106.3512984866666","110.7031424625","116.5440254016667","121.6569482341666","125.8740320187308"
"IMF.STA:CPI(3.0.1)","KEN.CPI._T.IX.A","OBS_VALUE","Kenya","Consumer price index (CPI)","All Items","61.890303289275","67.69423360600182","71.5646470599412","76.48697440474523","81.52146507399658","86.65507515685889","93.59237690134425","97.98167824659689","103.115563451546","108.6891267851205","115.3277891278858","124.1617394101013","133.6866785432532","139.6889277192494"
"IMF.STA:CPI(3.0.1)","LSO.CPI._T.IX.A","OBS_VALUE","Lesotho, Kingdom of","Consumer price index (CPI)","All Items","55.91080886536578","59.29421602836532","62.17895019527618","65.51813989727358","67.6268052843615","72.08781081336838","75.294059923474","78.8718853339728","82.96303595681643","87.09301616387359","92.36018049509963","100.0000335068141","106.3422530631386","112.834922156919"
"IMF.STA:CPI(3.0.1)","LBR.CPI._T.IX.A","OBS_VALUE","Liberia","Consumer price index (CPI)","All Items","43.41054179618302","46.3762575620843","49.8903288879976","54.81007052374742","59.05713674627128","64.27439107171175","72.2570341641881","89.28333117242218","113.3597206960388","132.580682234045","142.9426498924011","153.7962636652232","169.3211560880059",""
"IMF.STA:CPI(3.0.1)","MDG.CPI._T.IX.A","OBS_VALUE","Madagascar, Republic of","Consumer price index (CPI)","All Items","73.98250576397275","78.2097509835711","82.76658694336355","87.79913320896883","94.29994937959358","99.99166666666667","108.6","117.9333333333334","124.55","129.7833333333334","137.3266666666666","148.5333333333333","163.2",""
"IMF.STA:CPI(3.0.1)","MLI.CPI._T.IX.A","OBS_VALUE","Mali","Consumer price index (CPI)","All Items","95.4660083539434","100.5477866244163","99.9377266474592","100.8209908136483","102.2835914260718","100.4428477690289","102.210498687664","102.5166666666667","100.8166666666667","101.2583333333334","105.2333333333334","115.3583333333334","117.7333333333334","121.5083333333333"
"IMF.STA:CPI(3.0.1)","MRT.CPI._T.IX.A","OBS_VALUE","Mauritania, Islamic Republic of","Consumer price index (CPI)","All Items","78.2849373396405","82.122799457788","85.51373339735741","88.53610390629568","91.41771227968007","92.76311631039322","94.85425345999398","97.76377485153628","100.0124322230829","102.3984237025562","106.0490963077718","116.1505551252259","121.9035505966551",""
"IMF.STA:CPI(3.0.1)","MUS.CPI._T.IX.A","OBS_VALUE","Mauritius","Consumer price index (CPI)","All Items","64.35819273753462","66.83737350930848","69.20561931715615","71.43244293807345","72.35145682382642","73.05881902679995","75.73788374829805","78.17365486044118","78.49077034883722","80.51646075581395","83.76008963178295","92.78419331395348","99.32824612403103","103.4033187984496"
"IMF.STA:CPI(3.0.1)","MAR.CPI._T.IX.A","OBS_VALUE","Morocco","Consumer price index (CPI)","All Items","92.43740374037405","93.62718627062708","95.3879903190319","95.809900990099","97.3025302530253","98.8937293729373","99.64004400440042","101.437467409461","101.7452145214522","102.463503850385","103.9","110.8166666666667","117.5666666666667","118.725"
"IMF.STA:CPI(3.0.1)","MOZ.CPI._T.IX.A","OBS_VALUE","Mozambique, Republic of","Consumer price index (CPI)","All Items","46.46695449814038","47.67623587881548","49.70788835283422","50.9802854077941","52.79047282352365","61.98553945677388","71.3535425866482","74.14441824339228","76.22246613661488","78.87800782666142","83.93288644537282","92.56068509327152","99.1574618143089",""
"IMF.STA:CPI(3.0.1)","ZWE.CPI._T.IX.A","OBS_VALUE","Zimbabwe","Consumer price index (CPI)","All Items","1.974773031026253","2.048339777247414","2.081829116945108","2.077711575178997","2.027203062848051","1.995909745425616","2.013752426412092","2.227590095465394","7.914738782816228","52.0158071201273","103.2753590692124","211.41","",""
"IMF.STA:CPI(3.0.1)","RWA.CPI._T.IX.A","OBS_VALUE","Rwanda","Consumer price index (CPI)","All Items","85.17458453890868","93.92288164583448","99.4871255063898","101.8295404532198","104.4043032774978","111.8946261220788","121.1589827824816","120.7819237178365","124.8255534190795","137.1213685132049","136.5847484963029","160.7455108831948","192.5563189022719","195.9651287853434"
"IMF.STA:CPI(3.0.1)","STP.CPI._T.IX.A","OBS_VALUE","São Tomé and Príncipe, Democratic Republic of","Consumer price index (CPI)","All Items","73.36166666666668","81.16583333333332","87.745","93.88583333333335","98.81096993809459","104.1769190879969","110.1048943553988","118.7686039863678","127.9378314966494","140.5004666991592","151.9340720672863","179.2907666949566","217.406036322801",""
"IMF.STA:CPI(3.0.1)","SYC.CPI._T.IX.A","OBS_VALUE","Seychelles","Consumer price index (CPI)","All Items","88.25611043032835","94.5314469796019","98.6331083114117","100.0","104.0419441072562","102.9854169787764","105.9275","109.849908878749","111.835","113.18","124.2366666666666","127.4991666666667","126.1791666666667","126.5725"
"IMF.STA:CPI(3.0.1)","SLE.CPI._T.IX.A","OBS_VALUE","Sierra Leone","Consumer price index (CPI)","All Items","33.585","35.7975","37.775","39.5275","42.17166666666665","46.7625","55.28333333333335","64.14499999999998","73.64166666666668","83.54416666666668","93.46416666666666","118.8941666666667","175.538763882859","225.8020946886448"
"IMF.STA:CPI(3.0.1)","SOM.CPI._T.IX.A","OBS_VALUE","Somalia","Consumer price index (CPI)","All Items","","","","","100.9126149826323","100.9367671256228","104.9304245539246","109.4067048465265","114.5581814565651","119.2701081775134","124.7862318739955","133.2458352341088","141.3791666666666","149.2925"
"IMF.STA:CPI(3.0.1)","NAM.CPI._T.IX.A","OBS_VALUE","Namibia","Consumer price index (CPI)","All Items","91.4562946459742","97.60398473566396","103.0707107400752","108.585168643297","112.2705659719075","119.8247834535728","127.1889747687274","132.6474054307862","137.5850646830108","140.624844844955","145.7111123127991","154.5722147063996","163.6609598916732","170.5986121836634"
"IMF.STA:CPI(3.0.1)","SDN.CPI._T.IX.A","OBS_VALUE","Sudan","Consumer price index (CPI)","All Items","169.649250458786","229.974924833038","313.967160096078","429.841898339215","502.526317629177","591.726014576918","783.159002330597","1278.83997140833","1930.97228503467","5083.43481548078","23337.695470409","55732.3912087947","",""
"IMF.STA:CPI(3.0.1)","SSD.CPI._T.IX.A","OBS_VALUE","South Sudan, Republic of","Consumer price index (CPI)","All Items","109.2087008795245","158.9269424712381","158.8346202553795","161.4939868139638","246.7084375033822","1184.199477715744","3408.737502365402","6255.085453214728","11712.10733134767","15187.77397985823","16785.02901013693","15662.56025","16035.76841666667",""
"IMF.STA:CPI(3.0.1)","TZA.CPI._T.IX.A","OBS_VALUE","Tanzania, United Republic of","Consumer price index (CPI)","All Items","58.208952095603","67.5230211498909","72.83757154185308","77.30369051605003","81.62355179471882","85.84737984015352","90.4133582121815","93.5728154830209","96.81444035794928","99.99991681558132","103.6908333333333","108.2016666666666","112.3125","115.7458333333333"
"IMF.STA:CPI(3.0.1)","SWZ.CPI._T.IX.A","OBS_VALUE","Eswatini, Kingdom of","Consumer price index (CPI)","All Items","61.3201107560826","66.8019120921425","70.5570521414699","74.5656444173816","78.2575721113753","84.3986586830927","89.6494159789296","93.9660906492473","96.4073449097445","","","","",""
"IMF.STA:CPI(3.0.1)","TGO.CPI._T.IX.A","OBS_VALUE","Togo","Consumer price index (CPI)","All Items","95.14687526779288","97.5989831639064","99.3805498875071","99.57024258788232","102.14413725","103.4571475","102.44131225","103.3917170833333","104.0892521666667","105.8580248333333","110.2894694166667","119.0768640833333","125.6133333333333",""
"IMF.STA:CPI(3.0.1)","UGA.CPI._T.IX.A","OBS_VALUE","Uganda","Consumer price index (CPI)","All Items","70.8684505314094","79.85388810761393","83.77088801983008","86.34743482658195","91.17398535642455","96.3767149053951","101.3976690628622","104.0502441615251","107.0339765129368","110.5803577626452","113.0181814199879","121.1507311281086","127.6334438042508","131.8751890052014"
"IMF.STA:CPI(3.0.1)","ZMB.CPI._T.IX.A","OBS_VALUE","Zambia","Consumer price index (CPI)","All Items","115.13","122.7008333333334","131.2625","141.51","155.8175","183.6616666666667","195.7416666666666","210.4116666666667","229.665","265.7983333333332","324.3291666666668","359.9833333333332","399.1658333333332",""
"IMF.STA:CPI(3.0.1)","BFA.CPI._T.IX.A","OBS_VALUE","Burkina Faso","Consumer price index (CPI)","All Items","96.9442893520701","100.6457700650759","101.182955295671","100.9218126945204","101.6533333333333","102.1016666666667","103.6158333333334","105.6425","102.2266666666666","104.1530668004353","107.9583333333333","123.3858333333333","124.3024795566666","129.5121636166667"
"IMF.STA:CPI(3.0.1)","SLB.CPI._T.IX.A","OBS_VALUE","Solomon Islands","Consumer price index (CPI)","All Items","","","","99.5913612565445","99.01923947425831","99.52669884380458","100.0130726439791","103.475","105.1666666666667","108.2833333333333","108.1583333333333","114.12665","120.8439836666667",""
"IMF.STA:CPI(3.0.1)","FJI.CPI._T.IX.A","OBS_VALUE","Fiji, Republic of","Consumer price index (CPI)","All Items","93.475","96.675","99.49166666666667","100.0083333333334","101.3833333333333","105.3","108.825","113.2666666666666","115.275","112.2833333333333","112.4583333333333","117.5416666666666","120.0666666666666",""
"IMF.STA:CPI(3.0.1)","NRU.CPI._T.IX.A","OBS_VALUE","Nauru, Republic of","Consumer price index (CPI)","All Items","100.2","100.075","","","","","","","","","","","",""
"IMF.STA:CPI(3.0.1)","KIR.CPI._T.IX.A","OBS_VALUE","Kiribati","Consumer price index (CPI)","All Items","85.41955438372042","82.81779184369258","81.58541416843032","83.3019592154398","83.7784595369079","85.38475307541631","85.68831370823355","86.17162192519459","84.60926152286852","86.76954372263629","88.551457621815","93.28537817486102","101.9451286243008",""
"IMF.STA:CPI(3.0.1)","NCL.CPI._T.IX.A","OBS_VALUE","New Caledonia","Consumer price index (CPI)","All Items","101.733333333333","103.513333333333","104.835833333333","105.023333333333","105.6225","106.233333333333","","","","","","","",""
"IMF.STA:CPI(3.0.1)","PNG.CPI._T.IX.A","OBS_VALUE","Papua New Guinea","Consumer price index (CPI)","All Items","96.425","100.8","105.8","111.325","118.0","125.875","132.7","138.5049471876835","143.9463535260192","150.958950584046","157.7273312085198","166.01312523562","169.8292688009265","170.8523269753722"
"IMF.STA:CPI(3.0.1)","WSM.CPI._T.IX.A","OBS_VALUE","Samoa","Consumer price index (CPI)","All Items","96.92178429575316","98.90772991139627","99.51115184845705","99.10632447296058","99.82432019553924","101.1267467613224","102.8963604414065","107.2153928667809","108.2685981579212","106.5699586123058","109.9090135981652","121.9571102275048","131.6181218060804","134.4774666757872"
"IMF.STA:CPI(3.0.1)","FSM.CPI._T.IX.A","OBS_VALUE","Micronesia, Federated States of","Consumer price index (CPI)","All Items","94.5060489501374","99.2488383531947","100.988002915546","101.644712641004","101.341693654761","100.290305947522","100.87425","102.38575","104.3555","104.93425","108.283","114.13975","",""
"IMF.STA:CPI(3.0.1)","TON.CPI._T.IX.A","OBS_VALUE","Tonga","Consumer price index (CPI)","All Items","82.58468922161936","83.53238035614912","84.18028199186293","86.29394476905952","85.38440804117975","87.58575055648302","94.16962646076794","98.90833333333332","100.075","99.725","105.35","116.9083333333333","124.3333333333333","128.2916666666667"
"IMF.STA:CPI(3.0.1)","TUV.CPI._T.IX.A","OBS_VALUE","Tuvalu","Consumer price index (CPI)","All Items","1012.3725","","","","","","","","","","","","",""
"IMF.STA:CPI(3.0.1)","ARM.CPI._T.IX.A","OBS_VALUE","Armenia, Republic of","Consumer price index (CPI)","All Items","107.1885599948376","109.9304648803734","116.295073591944","119.7621887262112","124.2313437749925","122.4876232431082","123.675205998157","126.7921103666974","128.6222867826256","130.1804631836869","139.5337163507703","151.5907007208483","154.5928314208298","155.0094776190388"
"IMF.STA:CPI(3.0.1)","AZE.CPI._T.IX.A","OBS_VALUE","Azerbaijan, Republic of","Consumer price index (CPI)","All Items","107.8583333333334","109.0083333333333","111.6416666666667","113.175","117.7333333333333","132.3833333333334","149.5083333333334","152.9","156.891564325","161.221472575","171.9431827583333","195.7611977916667","212.9596617666667","217.6706955396022"
"IMF.STA:CPI(3.0.1)","BLR.CPI._T.IX.A","OBS_VALUE","Belarus, Republic of","Consumer price index (CPI)","All Items","21.03592625850307","33.4933462588345","39.62673525604225","46.8069230889508","53.14200130372385","59.4321972083623","63.01705061912642","66.08743176628748","69.78710926017747","73.65899827847075","80.627348630734","92.89050653956981","97.53558830939782","103.1783333333333"
"IMF.STA:CPI(3.0.1)","GEO.CPI._T.IX.A","OBS_VALUE","Georgia","Consumer price index (CPI)","All Items","108.5429333333333","107.5186583333333","106.9681","110.25075","114.664725","117.1127333333333","124.1808583333333","127.4284916666667","133.6124666666666","140.5636083333334","154.0112083333334","172.3357166666667","176.6230166666667","178.5830333333333"
"IMF.STA:CPI(3.0.1)","KAZ.CPI._T.IX.A","OBS_VALUE","Kazakhstan, Republic of","Consumer price index (CPI)","All Items","36.16000058909178","38.03875984212995","40.29934198929848","43.05962517650952","45.93527003438458","52.5320774527893","56.4418630564284","59.9207489902672","63.1166586828286","67.35693335906262","72.77342185082583","83.70971303789013","96.03595992851776","100.7"
"IMF.STA:CPI(3.0.1)","KGZ.CPI._T.IX.A","OBS_VALUE","Kyrgyz Republic","Consumer price index (CPI)","All Items","194.9115496723776","200.307563588584","213.5554091288094","229.6452017703146","244.5797604086441","245.530780183569","253.3271432654015","257.2351234529832","260.1511988889038","276.606862562933","309.5370196917942","352.6335782473198","390.5532438582232",""
"IMF.STA:CPI(3.0.1)","BGR.CPI._T.IX.A","OBS_VALUE","Bulgaria","Consumer price index (CPI)","All Items","6403.714366867462","6592.916481465262","6651.599605224578","6557.267697006255","6550.406613981828","6498.091798997008","6632.05621223579","6818.718401394942","7030.352972393032","7147.931475737542","7383.651982334635","8515.215766854391","9319.294086661663","9547.292427236345"
"IMF.STA:CPI(3.0.1)","MDA.CPI._T.IX.A","OBS_VALUE","Moldova, Republic of","Consumer price index (CPI)","All Items","37.79506023333588","39.513350010434","41.33012602234105","43.4333275016165","47.63604065443132","50.66536366566572","53.9941945759451","55.63834694326938","58.3300097193128","60.52670109939648","63.61744339781778","81.89937748130617","92.8878255067365","97.23287197989005"
"IMF.STA:CPI(3.0.1)","RUS.CPI._T.IX.A","OBS_VALUE","Russian Federation","Consumer price index (CPI)","All Items","108.4404666666667","113.9435416666667","121.6389583333333","131.155275","151.5294666666667","162.20085","168.1752416666667","173.015825","180.7502666666667","186.862625","199.3720666666666","","",""
"IMF.STA:CPI(3.0.1)","CHN.CPI._T.IX.A","OBS_VALUE","China, People's Republic of","Consumer price index (CPI)","All Items","82.34103083333335","84.49797416666665","86.71270833333332","88.37901583333336","89.64904333333335","91.44202583333335","92.89882166666668","94.8262775","97.57551333333335","99.93627666666669","100.9166666666667","102.9083333333333","103.15","103.375"
"IMF.STA:CPI(3.0.1)","TJK.CPI._T.IX.A","OBS_VALUE","Tajikistan, Republic of","Consumer price index (CPI)","All Items","396.601177323694","419.727650372301","440.754521723324","467.660062621743","494.384775141618","524.070508542698","","","","","","","",""
"IMF.STA:CPI(3.0.1)","UKR.CPI._T.IX.A","OBS_VALUE","Ukraine","Consumer price index (CPI)","All Items","104.0333333333334","104.625","104.375","116.975","173.9416666666667","198.1416666666667","226.75","251.5833333333332","271.425","278.8416666666668","304.95","366.5","413.5916666666668","440.4833333333332"
"IMF.STA:CPI(3.0.1)","CZE.CPI._T.IX.A","OBS_VALUE","Czech Republic","Consumer price index (CPI)","All Items","94.8","97.91666666666664","99.325","99.66666666666664","99.975","100.6583333333333","103.125","105.3416666666667","108.3416666666667","111.7666666666667","116.0583333333333","133.5833333333334","147.825","151.425"
"IMF.STA:CPI(3.0.1)","SVK.CPI._T.IX.A","OBS_VALUE","Slovak Republic","Consumer price index (CPI)","All Items","156.2166666666666","161.85","164.1166666666666","163.9916666666666","163.4583333333333","162.6083333333334","164.7416666666667","168.8833333333334","173.3833333333333","176.7416666666666","182.3083333333334","205.5966666666667","227.25","233.5166666666666"
"IMF.STA:CPI(3.0.1)","EST.CPI._T.IX.A","OBS_VALUE","Estonia, Republic of","Consumer price index (CPI)","All Items","183.6833333333333","190.9083333333334","196.2166666666667","196.0083333333334","195.0433333333333","195.3333333333333","202.0083333333333","208.95","213.7083333333333","212.7583333333334","222.6583333333333","265.8501833333332","290.2","300.4166666666668"
"IMF.STA:CPI(3.0.1)","SRB.CPI._T.IX.A","OBS_VALUE","Serbia, Republic of","Consumer price index (CPI)","All Items","152.675","163.8666666666667","176.475","180.15","182.6583333333334","184.7083333333334","190.4916666666667","194.225","197.8166666666666","200.9333333333333","209.1416666666667","234.2","263.175","275.4666666666668"
"IMF.STA:CPI(3.0.1)","LVA.CPI._T.IX.A","OBS_VALUE","Latvia, Republic of","Consumer price index (CPI)","All Items","97.04854750000003","99.23969916666665","99.21046833333332","99.82606","99.99999916666665","100.1406325","103.0751166666667","105.6875083333333","108.6588166666666","108.89685","112.464125","131.9319833333333","143.724125","145.5433833333334"
"IMF.STA:CPI(3.0.1)","MNE.CPI._T.IX.A","OBS_VALUE","Montenegro","Consumer price index (CPI)","All Items","93.17663336676507","97.03903519886748","99.17961217443192","98.47492709350088","100.0","99.72861497661478","102.1023913631466","104.7685132890632","105.1473182069034","104.8785030946696","107.4069161280986","121.4131041158706","131.8361387668899","136.2351812495681"
"IMF.STA:CPI(3.0.1)","HUN.CPI._T.IX.A","OBS_VALUE","Hungary","Consumer price index (CPI)","All Items","126.0583333333333","133.1833333333333","135.4916666666666","135.1833333333334","135.1","135.6333333333333","138.8183333333333","142.775","147.5416666666667","152.45","160.2416666666667","183.65","215.1","223.0666666666666"
"IMF.STA:CPI(3.0.1)","LTU.CPI._T.IX.A","OBS_VALUE","Lithuania, Republic of","Consumer price index (CPI)","All Items","96.75296666666668","99.74261666666668","100.7874","100.891975","99.99999166666667","100.9055166666666","104.6621166666667","107.485825","109.9950916666667","111.3149166666667","116.5284","139.490375","152.2081583333333","153.2975666666666"
"IMF.STA:CPI(3.0.1)","MNG.CPI._T.IX.A","OBS_VALUE","Mongolia","Consumer price index (CPI)","All Items","53.35458603896102","61.0004768668831","67.39982751623376","75.65898944805198","79.99854910714285","80.58515624999998","84.05147118506495","89.78735194355399","96.34278894304344","100.0","107.3528124338022","123.6145693223568","136.4056896455516","145.6851627304483"
"IMF.STA:CPI(3.0.1)","SVN.CPI._T.IX.A","OBS_VALUE","Slovenia, Republic of","Consumer price index (CPI)","All Items","96.08916666666666","98.585","100.3291666666667","100.5291666666666","100.0008333333333","99.94583333333333","101.3741666666667","103.1366666666667","104.8183333333334","104.7608333333334","106.7691666666667","116.2008333333334","124.8541666666666","127.3083333333333"
"IMF.STA:CPI(3.0.1)","MKD.CPI._T.IX.A","OBS_VALUE","North Macedonia, Republic of","Consumer price index (CPI)","All Items","103.9047542206974","107.3502937111869","110.34","110.0291666666667","109.6991666666666","109.4366666666667","110.9158333333334","112.5333333333333","113.3958333333333","114.7566666666667","118.4641666666667","135.2916666666667","147.9575","153.1208333333333"
"IMF.STA:CPI(3.0.1)","BIH.CPI._T.IX.A","OBS_VALUE","Bosnia and Herzegovina","Consumer price index (CPI)","All Items","100.003868173744","102.056622094778","101.9616628128543","101.0468688365397","100.0","98.4159","99.2132","100.6191583333334","101.185425","100.1216666666666","102.1057166666666","116.4218","123.5304","125.6206916666667"
"IMF.STA:CPI(3.0.1)","POL.CPI._T.IX.A","OBS_VALUE","Poland, Republic of","Consumer price index (CPI)","All Items","118.4333333333333","122.65","123.8666666666667","123.9333333333333","122.85","122.0333333333334","124.5666666666666","126.825","129.65","134.025","140.8","161.1166666666667","179.6916666666667","186.4916666666667"
"IMF.STA:CPI(3.0.1)","KOS.CPI._T.IX.A","OBS_VALUE","Kosovo, Republic of","Consumer price index (CPI)","All Items","95.9943193701727","98.37184698456802","100.1103965245018","100.5398278873379","99.99999999999994","100.2731694310454","101.7654691381547","102.837871348522","105.5898045859268","105.7991130624518","109.3472888101242","122.0102630221663","128.0428462125278","130.1164360158546"
"IMF.STA:CPI(3.0.1)","ROU.CPI._T.IX.A","OBS_VALUE","Romania","Consumer price index (CPI)","All Items","92.63083333333331","95.72","99.53416666666668","100.5975","99.99979347779082","98.455","99.77333333333335","104.3883333333333","108.3841666666667","111.2358333333333","116.8558333333333","132.9766666666667","146.8025","140.1683333333333"
"IMF.STA:CPI(3.0.1)","ZAF.CPI._T.IX.A","OBS_VALUE","South Africa","Consumer price index (CPI)","All Items","51.26666666666668","54.20833333333332","57.34166666666665","60.85833333333332","63.60833333333332","67.80833333333335","71.325","74.54166666666669","77.6","80.10833333333332","83.80833333333335","89.70833333333331","95.15833333333332","99.30833333333335"
"IMF.STA:CPI(3.0.1)","MDV.CPI._T.IX.A","OBS_VALUE","Maldives","Consumer price index (CPI)","All Items","79.6741014550638","88.34638491714227","91.70852145358732","93.65274371988838","94.54544790915432","95.0205476850391","97.6977263238236","97.56742355806561","97.78210089772784","96.44270685295002","96.96653511503132","99.22890340624265","102.1337952443232","103.5634618598896"
"IMF.STA:CPI(3.0.1)","SUR.CPI._T.IX.A","OBS_VALUE","Suriname","Consumer price index (CPI)","All Items","56.17644369318758","58.98912137597608","60.12373939683985","62.15797364783832","66.44308442566366","103.2607841510459","125.975","","140.6333333333333","189.7","301.85","460.1583333333335","697.5416666666665","810.75"
"IMF.STA:CPI(3.0.1)","NER.CPI._T.IX.A","OBS_VALUE","Niger","Consumer price index (CPI)","All Items","81.52239282886762","81.89339293994512","83.7746734719875","82.99532835758401","82.5172002635046","83.88194334650858","86.22759552042162","88.78648880105402","86.57588932806323","89.08502635046115","92.50399209486169","96.41341238471675","99.98164690382082","109.0515019762846"
"IMF.STA:CPI(3.0.1)","ALB.CPI._T.IX.A","OBS_VALUE","Albania","Consumer price index (CPI)","All Items","85.82399409157561","87.56758807661627","89.26431587904425","90.71563318771062","93.8917765161033","93.54689586238712","95.47452175715895","97.41080199053062","98.78535684543849","100.3865554742699","102.4359185260122","109.3249417001666","114.5285511579829","117.0647739353671"
"IMF.STA:CPI(3.0.1)","ECU.CPI._T.IX.A","OBS_VALUE","Ecuador","Consumer price index (CPI)","All Items","88.7737384982522","93.30272767640298","95.8422187176763","99.28220695959271","103.2203808815514","105.0043022186284","105.442522541418","105.2062224257326","105.4860841444342","105.1286209272738","105.2687062718434","108.9174982955168","111.3307698456298","113.0534188539908"
"IMF.STA:CPI(3.0.1)","JAM.CPI._T.IX.A","OBS_VALUE","Jamaica","Consumer price index (CPI)","All Items","66.19166666666665","70.74166666666667","77.34999999999998","83.75","86.84166666666665","88.88333333333333","92.775","96.24166666666667","100.0","105.2267777929352","111.3959948309412","122.925","130.8833333333334","137.9666666666667"
"IMF.STA:CPI(3.0.1)","CHL.CPI._T.IX.A","OBS_VALUE","Chile","Consumer price index (CPI)","All Items","60.341011666529","62.15573645772342","63.26804788283458","66.253461617501","69.1346746204696","71.75224721793785","73.31839676966045","75.10361894404882","77.0244276126946","79.37019950639694","82.96135845846308","92.62126845904788","99.6435189741263","103.9258376225564"
"IMF.STA:CPI(3.0.1)","SLV.CPI._T.IX.A","OBS_VALUE","El Salvador","Consumer price index (CPI)","All Items","106.2783333333333","108.1166666666666","108.9358333333333","110.1791666666667","109.3733333333334","110.0340019547512","111.1479356113828","112.359814904202","112.444448962869","112.0266163962212","115.9104961224495","124.2544478229342","129.2812198374132","130.385"
"IMF.STA:CPI(3.0.1)","MEX.CPI._T.IX.A","OBS_VALUE","Mexico","Consumer price index (CPI)","All Items","75.9071925","79.02812416666669","82.03624333333335","85.332965","87.65456833333332","90.12792416666667","95.57296416666665","100.2554183333333","103.9006666666666","107.43","113.5419166666666","122.5075","129.2796666666667","135.3845833333333"
"IMF.STA:CPI(3.0.1)","HKG.CPI._T.IX.A","OBS_VALUE","Hong Kong Special Administrative Region, People's Republic of China","Consumer price index (CPI)","All Items","77.90833333333332","81.06666666666668","84.58333333333336","88.325","90.96666666666668","93.15833333333335","94.55","96.82499999999997","99.61666666666667","99.86666666666667","101.4333333333333","103.3416666666667","105.5083333333333","107.3333333333333"
"IMF.STA:CPI(3.0.1)","UZB.CPI._T.IX.A","OBS_VALUE","Uzbekistan, Republic of","Consumer price index (CPI)","All Items","35.5259926308572","40.2185508936128","44.98100379692442","49.15663246435188","53.45876291676832","57.8054343582056","65.82636760628564","77.36189852360575","88.59928363374648","100.0","110.8492397508122","123.5377572691174","135.8379061359042","148.9167256628924"
"IMF.STA:CPI(3.0.1)","MWI.CPI._T.IX.A","OBS_VALUE","Malawi","Consumer price index (CPI)","All Items","20.02209643836324","24.28104963059894","30.90572933814735","38.25884053461372","46.625034164546","56.74784811791352","63.29847576665038","71.16025919710054","77.82857042352585","84.54168520348722","92.42954626460198","111.7972054104344","143.9833333333334","190.3166666666667"
"IMF.STA:CPI(3.0.1)","SMR.CPI._T.IX.A","OBS_VALUE","San Marino, Republic of","Consumer price index (CPI)","All Items","94.30758782490585","96.9739766623449","98.5298203370995","99.62642081466045","99.7715626350559","100.4141666666667","101.4325","102.6125","103.0975","102.96","104.6233333333334","110.195","116.7316666666667","118.1816666666667"
"IMF.STA:CPI(3.0.1)","URY.CPI._T.IX.A","OBS_VALUE","Uruguay","Consumer price index (CPI)","All Items","40.28469296565812","43.54685305757692","47.28105451295802","51.47836078130985","55.9396144516788","61.3318651857526","65.14553810800459","70.10085535554705","75.62619685944082","83.00459594025278","89.43572066896465","97.5782883830397","103.3052592183334","108.3146796525"
"IMF.STA:CPI(3.0.1)","LBY.CPI._T.IX.A","OBS_VALUE","Libya","Consumer price index (CPI)","All Items","122.5216379310345","129.9462089511494","133.3323706896552","136.5762691570881","150.7833333333333","189.7666666666666","238.7333333333334","270.175","264.3333333333332","268.1583333333332","275.85","288.2916666666668","295.1333333333332","301.4083333333332"
"IMF.STA:CPI(3.0.1)","VUT.CPI._T.IX.A","OBS_VALUE","Vanuatu","Consumer price index (CPI)","All Items","136.9546678358015","138.8","140.825","141.95","145.475","146.7","151.225","154.75","159.025","167.5","171.425","182.875","203.325",""
"IMF.STA:CPI(3.0.1)","TUN.CPI._T.IX.A","OBS_VALUE","Tunisia","Consumer price index (CPI)","All Items","83.06730580975582","86.89824063623658","91.51795559154785","95.75116529732774","99.99999999999999","103.6293993738438","109.1309270799326","117.1057697151828","124.9753656542244","132.0166666666667","139.55","151.1416666666666","165.2416666666667","177.15"
"IMF.STA:CPI(3.0.1)","COG.CPI._T.IX.A","OBS_VALUE","Congo, Republic of","Consumer price index (CPI)","All Items","81.7607434287552","85.8571101650789","89.83368198601379","90.65309052454215","93.52597577383885","96.50997982737277","96.94433633243595","98.0618902482284","100.2252071889789","102.0246219654312","103.775","106.9333333333334","111.5333333333334","114.9813152968518"
"IMF.STA:CPI(3.0.1)","SEN.CPI._T.IX.A","OBS_VALUE","Senegal","Consumer price index (CPI)","All Items","77.70995910360718","78.81206405552588","79.37182318345158","78.5064678534955","78.6126179667089","79.27082957989435","80.31574051582622","80.68598454824301","82.10614785079022","84.19422776911078","86.0299336973479","94.37210064589422","99.97731079031755","100.7816315536696"
"IMF.STA:CPI(3.0.1)","HTI.CPI._T.IX.A","OBS_VALUE","Haiti","Consumer price index (CPI)","All Items","61.4038826130238","64.48515495849428","67.55788809952207","69.88064084354555","74.58489426288925","83.1643255800611","92.04634933894272","103.5350326181662","122.9","150.9166666666667","176.3333333333333","236.2583333333334","323.2333333333332","410.3416666666665"
"IMF.STA:CPI(3.0.1)","PAN.CPI._T.IX.A","OBS_VALUE","Panama","Consumer price index (CPI)","All Items","90.94557978142078","96.12784043715848","99.99906229508198","102.6255646653006","102.7666666666667","103.5268666666667","104.4333333333333","105.228675","104.855025","103.2294833333333","104.91285","107.9129916666667","109.517025","110.276225"
"IMF.STA:CPI(3.0.1)","KNA.CPI._T.IX.A","OBS_VALUE","St. Kitts and Nevis","Consumer price index (CPI)","All Items","107.525","108.4025","109.6025","109.8741666666667","107.345","106.6075","107.3483333333334","106.235","105.8848897416666","104.6489536416667","105.9002295333334","108.7258333333333","112.5933333333334","113.8266666666666"
"IMF.STA:CPI(3.0.1)","HRV.CPI._T.IX.A","OBS_VALUE","Croatia, Republic of","Consumer price index (CPI)","All Items","95.25","98.5","100.6833333333333","100.4666666666666","100.0","98.875","99.99166666666667","101.4916666666667","102.275","102.4333333333334","105.05","116.375","125.6166666666667","129.35"
"IMF.STA:CPI(3.0.1)","NGA.CPI._T.IX.A","OBS_VALUE","Nigeria","Consumer price index (CPI)","All Items","120.7200632909991","135.4771751276884","146.9866634449652","158.8152841907126","173.1236439582994","200.298537983892","233.3523359446718","261.5765495378885","291.386917859901","329.9840972647592","385.925792181719","458.6619509423608","571.765924997574","761.8329064229952"
