"No","Country","Y1991","Y1992","Y1993","Y1994","Y1995","Y1996","Y1997","Y1998","Y1999","Y2000","Y2001","Y2002","Y2003","Y2004","Y2005","Y2006","Y2007","Y2008","Y2009","Y2010","Y2011","Y2012","Y2013","Y2014","Y2015"
1,"Albania",43.18,40.18,39.45,40.07,39.18,37.07,37.59,38.16,36.04,35.3,36.04,33.67,32.64,31.72,30.89,29.58,28.53,27.12,26.91,26.1,25.41,25.52,25.68,25.78,26.21
2,"Algeria",34.96,36.14,38.16,38.88,37.64,37.68,37.18,38.28,36.11,34.2,33.58,31.9,29.62,27.76,24.93,24.44,24.21,24.07,25.9,25.89,27.37,26.94,25.98,25.74,23.98
3,"Angola",50.17,47.8,55.43,50.48,52.47,46.3,50.48,49.21,48.64,48.8,46.14,48.4,48.86,46.81,43.84,41.23,37.13,35.26,36.25,36.54,36.49,36.6,35.92,34.53,35.25
4,"Argentina",25.22,24.41,26.59,26.22,27.18,25.32,25.2,24,25.83,25.4,26.94,26.19,25.37,24.32,23.21,22.63,21.93,21.87,22.97,21.64,20.8,21.62,21.57,22.02,24.99
5,"Armenia",46.65,49.5,48.63,44.66,47.14,47.48,46.41,45.81,46.85,46.6,47.61,44.11,42.08,43.57,41.03,41.38,39.47,35.39,41.04,40.14,38.46,35.52,34.56,34.78,35.96
6,"Australia",15.69,16.63,16.15,15.18,14.42,14.55,13.72,13.29,13.4,13.1,12.5,12.43,12.08,12.11,12.25,11.66,9.32,8.96,9.39,9.14,8.87,9.83,9.95,8.89,8.1
7,"Austria",9.03,9.27,9.95,9.65,9.66,9.85,9.57,9.47,9.24,8.8,8.5,8.53,8.7,8.72,8.86,8.34,7.69,7.78,9.65,9.07,8.47,8.4,8.68,8.39,9.01
10,"Bahrain",22.49,21.83,19.65,19.8,19.64,19.72,19.18,19.37,18.84,18.4,18.76,18.67,18.35,17.64,17.54,18.12,18.79,18.16,20.33,20.3,21.01,21.11,20.03,19.21,16.63
11,"Bangladesh",36.34,36.48,37.12,36.71,35.27,35.7,35.78,35.87,35.6,35.6,34.48,35.12,36.65,36.5,34.95,34.13,32.93,31.32,31.47,30.78,28.79,28.97,28.22,27.42,27.6
12,"Belarus",52.78,47.83,47.95,49.54,53.57,52.24,51.11,49.32,50.14,48.1,49.39,49.73,48.64,46.72,46.77,44.64,42.1,38.69,39.7,38.17,33.03,32.29,34.07,34.12,32.37
13,"Belgium",22.1,22.07,23.31,23.49,23.19,23.41,22.19,22.92,21.63,19.9,19.78,20.93,21.65,21.12,21.11,20.74,18.27,18.28,18.74,18.8,17.71,18.28,18.81,18.06,17.8
14,"Belize",50.98,51.65,51.78,52.39,53.69,53.09,52.69,52.6,49.01,43.8,44.59,45.03,42.98,44.56,43.74,41.18,41.87,40.67,47.13,45.51,45.45,45.38,44.08,44.69,42.29
15,"Benin",58.78,60.8,58.66,56.88,54.86,52.65,53.47,51.49,51.24,50.2,50.34,49.72,53.24,55.49,56.38,55.79,52.75,53.52,56.63,54.49,55.12,53.64,50.71,46.33,48.28
16,"Bhutan",31.24,30.66,30.2,29.64,27.82,31,29.94,28.75,27.98,29.4,29.21,29.28,28.18,27.26,27.15,25.91,25.87,24.63,26.04,24.19,23.4,22.26,21.81,21.06,20.28
17,"Bolivia",68.09,71.34,71.08,70.39,69.4,66.78,67.31,63.69,68.67,67.1,70.57,68.82,69.01,66.74,65.64,61.77,59.97,54.65,58.4,55.06,51.82,49.64,48.18,46.93,45.98
18,"Bosnia and Herzegovina",31.38,32.18,33.43,43.3,44.45,38.53,36.66,33.25,32.87,34.1,33.99,37.34,35.94,33.57,32.72,33.48,33.11,30.97,33.13,33.18,32.6,32.59,31.38,31.19,29.88
19,"Botswana",33.57,35.44,36.37,35.89,35.52,35.2,32.98,34.18,32.95,33.4,33.05,32.08,31.43,30.57,30.12,27.85,26.52,27.06,28.46,26.44,25.03,24.44,22.85,22.1,23.99
20,"Brazil",40.64,39.67,39.25,38.25,39.61,40.83,40.5,41.69,40.79,39.8,38.65,38.5,38.89,37.29,38.47,37.62,37.05,35.16,36.9,34.55,33.06,32.71,32.56,33.01,35.22
21,"Brunei Darussalam",29.84,29.2,29.6,30.73,28.26,26.98,28.48,30.84,31.83,31.1,30.42,29.78,29.52,29.96,30.39,29.94,30.55,29.04,29.8,28.88,28.34,28.16,30,31.81,30.44
22,"Bulgaria",35.13,34.99,36.05,34.57,32.93,31.45,30.72,32.83,34.6,35.3,34.91,33.45,32.97,30.58,28.63,26.78,23.7,22.77,24.08,23.42,22.39,22.12,22.37,21.6,20.83
23,"Burkina Faso",43.42,44.06,44.89,44.75,43.59,43.91,41.76,41.26,38.81,41.4,41.2,41.22,39.34,38.69,37.25,36.21,38.3,36.4,35.64,33.29,32.06,31.12,31.12,30.53,29.63
24,"Burundi",26.87,28.78,31.52,32.17,34.62,39.84,38.61,37.99,38.88,39.5,39.36,39.05,40.02,39.75,38.08,35.96,38.89,38.23,37.95,38.64,37.86,37.04,36.93,36.25,35.68
25,"Cabo Verde",44.03,44.69,47.21,43.88,43.76,39.6,41.17,38.48,38.25,36.1,35.3,36.05,37.16,36.02,34.86,30.32,29.94,29.16,31.48,30.83,29.59,29.52,29.2,29.26,30.23
26,"Cambodia",44.12,45.4,54.06,56.69,54.55,55.11,53.95,53.24,51.95,50.1,49.8,49.35,49.66,46.74,43.69,40.92,41.76,41.02,42.88,42.31,40.3,38.08,36.56,34.92,33.85
27,"Cameroon",35.14,35.48,37.91,34.86,33,35.6,34.03,33.37,33.58,32.8,33.06,32.94,31.96,32.06,31.37,30.44,30.43,30.26,32.51,31.93,31.2,30.52,29.63,28.14,28.93
29,"Central African Republic",39.8,43.28,43.64,41.94,39.84,42.26,39.11,38.7,41.43,42.6,41.84,40.28,43.12,42.12,41.58,39.12,38.15,38.88,38.23,37.54,36.94,37.85,52.64,55.96,50.71
30,"Chad",45.92,45.75,48.86,46.23,46.18,46.31,46.04,44.36,46.6,46.2,45.23,40.32,42.04,35.03,34.26,35.01,36.35,37.11,37.11,34.11,35.14,33.9,34.3,31.2,28.76
31,"Chile",19.83,19.62,19.82,19.51,18.61,19.06,18.03,18.77,19.74,18.9,18.53,18.34,17.8,16.86,16.16,15.67,15.1,14.09,14.47,14.06,12.96,12.64,12.79,12.72,13.16
32,"China",17.47,17.03,16.86,16.43,15.86,16.07,16.07,16.13,16.52,16.5,16.33,15.82,15.12,14.31,14.14,13.84,13.82,12.79,12.83,12.13,12.03,12.41,12.25,11.74,12.11
33,"Colombia",35.69,34.53,34.95,35.41,35.24,37.3,36.19,37.46,38.98,39.1,37.26,37.97,35.87,35.3,33.98,31.79,30.89,29.82,31.24,30.71,27.6,27.34,26.77,25.99,25.25
34,"Comoros",39.97,35.79,35.89,40.15,39.87,41.56,40.77,43.22,42.93,39.6,39.11,39.31,37.86,38.78,37.92,37.45,38.08,39.21,40.02,39.05,38.63,38.61,36.63,36.44,40.92
36,"Congo, Rep.",50.4,50.74,52.82,52.08,49,47.53,51.09,52.86,52.17,48.2,48.41,48.24,47.33,46.31,44.52,41.81,45.64,43.27,40.65,36.4,36.43,37.13,36.28,33.18,35.05
37,"Costa Rica",28.63,26.72,26.47,26.71,26.72,26.95,26.18,23.82,23.99,23.9,25.7,25.09,24.11,24,23.06,22.12,22.2,21.3,24.33,24.6,24.72,23.76,23.81,23.41,19.24
38,"CÃ´te d'Ivoire",46.29,48.39,48.25,44.53,41.05,38.88,42.53,40.37,41.53,43.2,43.64,43.68,46.49,45.62,44.55,43.84,44.39,43.94,42.81,42.15,43.63,43.47,41.06,38.94,42.4
39,"Croatia",30.7,32.85,34.93,35.91,37.33,35.64,32.64,34.22,34.6,32,30.91,29.06,27.13,26.1,24.96,23.8,22.5,21.56,25.27,25.6,24.64,25.26,25.28,24.48,22.96
41,"Czech Republic",18.42,17.77,18.18,18.22,16.81,16.05,16.7,16.31,17.15,16.8,15.8,16.75,17.08,15.75,14.46,13.14,11.53,11.18,13.52,12.97,11.68,11.5,11.79,10.76,10.47
42,"Denmark",17.08,17.03,18.06,16.69,16.15,16.5,15.17,15.54,15.16,14.6,14.23,14.77,14.94,14.55,13.75,12.66,12.51,13.01,16.33,16.17,15.26,15.48,15.24,14.13,14.7
43,"Dominican Republic",35.84,35.85,35.62,34.73,34.41,33.57,34.07,32.24,32.49,32.1,33.59,33.68,31.94,32.34,32.95,30.78,32.24,31.26,33.1,30.71,30.48,30.58,29.02,27.6,27.97
44,"Ecuador",35.84,35.47,36.03,36.98,35.69,34.54,36.58,34.75,37.02,34.4,36.05,35.81,36.42,33.84,32.67,32.14,31.4,31.04,34.32,32.07,29.71,29.19,28.45,28.5,30.18
45,"Egypt",36.02,35.57,36.51,36.82,36.85,35.28,35.99,35.47,35.83,35.1,35.49,35.7,35.16,33.92,33.47,33.07,30.8,28.88,30.3,30.5,32.91,33.64,34.37,34.96,33.32
46,"El Salvador",52.74,52.96,52.82,49.56,48.33,50.78,47.93,47.8,46.88,46.3,46.03,44.19,43.53,42.21,42.74,42.34,40.93,40.05,45.73,44.69,42.77,42.72,41.78,41.3,42.6
47,"Equatorial Guinea",37.64,37.54,38.1,37.27,35.97,32.71,33.1,33.47,32.69,32.8,30.75,32.06,30.82,29.77,30.15,29.27,27.7,27.16,27.87,28.76,28.37,28.55,29.92,32.2,31.38
48,"Eritrea",37.57,48.92,44.07,36.69,38.65,33.54,31.42,34.25,38.16,40.3,36.28,35.68,39.56,39.42,39.86,41.13,41.61,46.36,44.45,44.88,41.38,37.33,38.18,36.09,36.53
49,"Estonia",23.54,26.04,29.13,29.79,30.51,30.22,27.01,26.79,27.59,27.7,26.16,25.39,24.77,23.15,21.26,19,17.84,19.42,24.6,22.99,19.67,18.34,17.97,17.52,18.49
50,"Ethiopia",38.29,37.77,36.71,37.55,38.05,36.39,36.22,37.83,39.82,40.3,37.98,38.79,39.3,36.97,36.13,33.87,32.41,31.68,31.41,30.1,27.65,26.84,26.21,24.47,25.1
51,"Fiji",38.88,38.44,38.4,35.64,34.81,32.5,35.63,35.77,32.9,33.6,32.84,31.17,31.74,27.94,28.57,30.42,32.33,29.84,33.48,32.06,29.64,29.48,31.19,28.97,25.37
52,"Finland",16.52,17.11,17,16.32,15.74,15.91,14.51,13.77,13.39,12.5,12.46,13,12.71,12.29,11.97,11.26,10.98,10.95,13.11,12.54,12.19,12.59,13.08,12.12,13.3
53,"France",14.96,15.58,16.76,16.6,16.2,16.28,16.01,15.34,14.92,13.8,13.31,14.72,14.58,14,13.96,13.31,12.88,11.61,13.89,13.11,11.81,12.08,12.41,12.12,11.65
54,"Gabon",48.72,50.91,48.21,43.95,43.84,44.23,41.6,43.1,49.15,48,56.07,55.82,57.4,58.13,55.41,59.63,58.68,60.07,63.47,58.02,54.75,53.5,52.52,53.48,52.01
55,"Gambia",50.65,49.38,49.46,53.55,56.73,55.31,54.35,51.61,48.35,45.1,42.36,51.76,42.85,38.9,45.77,48.19,47.9,45.28,39.78,35.17,48.57,42.64,40.95,43.81,43.64
56,"Georgia",61.47,65.31,65.01,63.7,71.95,71.33,69.35,71.27,70.1,67.3,66.86,67.53,64.9,66.1,66.91,63.79,64.55,67.93,68.46,64.73,60.86,58.67,56.57,54.1,53.07
57,"Germany",13.26,13.78,14.28,14.18,14.06,14.62,13.97,13.72,13.32,12.9,12.48,13.01,13.18,12.8,12.61,11.41,10.56,9.59,11.69,10.88,9.05,8.85,9.22,8.17,7.75
58,"Ghana",46.07,46.12,47.71,46.18,44.98,46.97,44.65,45.7,44.58,41.9,42.62,42.66,42.6,42.9,43.16,41.68,41.51,41.41,40.61,40.03,40.64,40.99,39.25,38.5,39.37
59,"Greece",28.79,28.46,29.35,28.92,29.76,28.63,28.91,28.23,27.82,26.1,26.46,27.01,26.17,25.29,25.99,24.9,24.23,23.2,25.32,26.15,27.08,28.39,27.78,27.11,26.45
60,"Guatemala",63.95,63.38,61.9,60.18,59.76,60.86,58.75,57.45,54.66,51.5,54.44,55.29,56.06,53.47,53.12,50.46,49.68,50.47,53.26,52.23,51.76,50.62,50.48,47.82,46.88
61,"Guinea",41.22,41.34,41.16,41.88,41.75,42.03,41.32,39.73,40.14,39.7,39.12,38.09,39.01,38.77,37.54,37.41,38.3,38.94,42.16,43.89,39.6,37.51,38.32,38.18,41.58
62,"Guinea Bissau",30.64,30.5,32.41,30.82,30.73,27.98,21.98,42.76,37.78,39.6,39.88,41.71,42.4,41.51,40.07,40.4,39.2,38.51,38.61,37.54,34.13,39.01,38.69,38.75,34.94
62,"Guyana",36.55,35.01,34.54,34.18,33.53,31.45,32.07,31.7,32.4,33.6,33.86,34.17,35.83,34.65,36.27,31.85,29.65,31.58,30.65,28.73,27.52,26.35,26.16,26.03,26.09
64,"Haiti",42.14,46.75,44.87,55.79,50.18,52.83,50.89,57.19,54.69,55.4,56.61,59.12,56.05,54.67,55.02,56.53,58.25,54.15,53.72,52.93,52.3,52.49,51.84,51.21,56.38
65,"Honduras",53.74,51.79,49.64,49.83,48.89,49.12,46.96,48.1,50.41,49.6,50.45,49.28,49.36,47.36,44.37,42.68,41.14,40.97,45.48,44.9,41.96,42.12,42.37,39.51,37.68
66,"Hong Kong",15.75,15.69,15.48,15.31,15.56,16.13,15.36,16.84,16.93,16.6,16.54,16.99,16.61,15.52,14.45,13.74,13.11,13.01,13.81,12.79,12.22,12.29,12.15,11.89,12.39
67,"Hungary",31.89,32.26,33.69,32.03,30.18,29.18,28.35,27.11,26.57,25.1,24.7,24.14,24.19,22.88,22.52,21.05,21.4,20.58,23.18,22.82,21.87,22.26,21.63,20.78,20.49
68,"Iceland",15.03,15.81,16.01,15.72,15.73,15.54,14.92,14.64,14.41,14.3,14.05,14.64,14.57,13.78,13.26,13.14,12.69,12.56,14.12,14.16,13.74,13.38,13.31,13.07,12.45
69,"India",28.43,27.96,28.02,26.5,26.67,25.69,27.07,26.96,27.83,26.7,26.62,26.48,24.84,23.87,23.44,22.06,21.03,21.68,22.27,20.65,19.71,18.99,18.11,18.33,17.89
70,"Indonesia",26.99,26.18,26.38,25.59,24.62,23.64,23.49,21.78,24.33,23.7,24.05,25.43,25.9,25.18,24.82,24.87,25.13,23.4,24.29,23.44,22.65,22.22,21.92,21.05,21.76
71,"Iran",19.13,19.54,20.42,20.85,21.06,20.65,20.07,20.35,19.88,18.9,19.89,18.39,17.02,16.01,16.63,16.34,14.52,14.6,15.73,15.6,14.93,15.79,16.17,16.14,18.38
72,"Ireland",18.36,18.3,18.11,17.67,16.75,16.69,15.51,14.76,13.82,13.4,12.92,13.23,13.76,13.52,13.08,12.59,12.55,12.45,13.36,11.78,12.49,11.4,11.14,9.93,9.58
73,"Israel",25.02,24.83,24.05,23.18,23.42,22.26,23.38,23.18,22.91,21.9,22.82,22.81,23.32,22.43,21.84,21.11,21.8,20.37,21.5,20.48,19.4,19.85,19.9,19.39,19.18
74,"Italy",29.14,28.52,28.31,27.15,24.8,24.18,25.13,24.14,24.54,22.7,23.55,23.46,24.28,24.17,24.62,23.81,22.43,23.51,27.31,26.13,24.54,25.53,24.49,24.33,22.97
75,"Jamaica",36.02,32.72,32.76,31.25,31.18,33.89,36.11,34.82,35.76,36.4,35.23,35.76,34.57,32.2,33.19,30.71,30.61,30.42,35.55,36.92,35.43,36.28,26.49,26.33,24.97
76,"Japan",10.35,10.46,10.67,10.8,10.85,10.72,10.61,10.91,11.22,11.2,11.31,11.79,11.57,11.09,10.91,10.35,10.14,9.21,10.39,9.93,9.89,9.73,9.28,8.69,8.19
77,"Jordan",21.12,19.75,20.27,20.58,19.81,19.91,19.92,19.93,19.76,19.4,19.29,19.34,18.26,16.09,14.91,14.71,13.66,13.44,14.91,14.96,15.38,15,14.64,14.2,15.16
78,"Kazakhstan",43.62,43.41,44.49,42.63,46.08,47.35,45.99,45.66,44.61,43.2,42.73,40.89,39.58,38.41,36.39,35.12,34.21,32.66,34.65,33.03,31.61,31.92,30.77,30.06,32.82
79,"Kenya",34.75,35.01,31.63,32.21,31.68,34.08,34.68,36.24,35.46,34.3,34.45,35.34,35.92,34.64,33.32,32.27,33.35,32.93,33.62,31.54,29.92,30.11,29.99,28.68,33.43
80,"South Korea",29.13,29.23,29.14,28.35,27.48,28.03,26.97,30.04,28.49,27.5,27.37,26.76,27.41,26.23,26.03,26.37,24.89,23.86,23.13,22.97,20.81,20.96,21.27,20.36,19.83
81,"Kuwait",18.55,21.4,20.35,19.83,19.39,19.03,19.18,19.22,20.66,20.1,20.67,20.91,18.79,17.63,16.33,15.85,15.71,16.45,18.98,19.75,19.81,19.86,20.55,22.07,21.72
82,"Kyrgyz Republic",35.75,38.76,41.83,44.44,45.93,43.02,41.83,41.65,41.94,41.2,40.35,43,39.05,37.73,38.04,37.52,34.72,33.34,34.1,34.32,33.06,34.26,31.35,29.95,30.78
83,"Laos",36.16,35.88,35.62,35.02,35,33.96,33.7,32.1,32.04,30.6,30.66,30.8,31.33,30.35,29.31,28.08,27.52,27.37,28.33,26.53,25.78,25.29,25.73,24.1,25
84,"Latvia",20.07,24.44,25.29,24.79,28.65,28.07,26.96,27.44,27.07,26.7,25.18,25.12,23.71,22.05,19.93,18.13,17.04,18.27,21.16,20.41,18.67,17.32,16.68,15.92,16.62
85,"Lebanon",36.68,35.85,34.93,33.96,33.03,32.23,33.07,33.27,34.54,34.1,34.47,34.23,34.79,31.71,32.1,33.05,31.39,28.09,26.02,24.63,25.51,25.67,27.96,29.06,29.16
86,"Lesotho",35.12,35.37,35.76,34.37,35.17,32.57,34.58,32.02,32.97,31.3,31.51,29.85,30.58,31.05,31.86,30.89,30.07,28.68,29.85,28.81,28.2,27.79,26.71,24.56,32.32
87,"Liberia",42.08,43.89,44.7,45.25,45.55,46.67,45.12,45.95,44.64,43.2,42.23,41.84,43.02,41.31,42.47,39.95,42.71,43.09,43.45,41.57,41.52,42.23,42.37,42.45,43.67
88,"Libya",34.24,36.22,35.75,35.07,34.68,36.26,36.26,38.21,36.2,35.1,36.24,34.94,31.83,31.29,29.51,28.3,27.02,25.86,27.88,27.05,38.76,32.79,34.75,37.91,38.27
89,"Lithuania",21.15,23.78,26.36,28.76,32.49,32.22,30.9,31.27,30.88,31.1,29.31,28.45,27.01,25.69,23.88,22.38,20.58,20.28,24.29,23.13,20.86,19.32,18.3,17.62,18.65
90,"Luxembourg",11.07,11.43,11.37,11.24,11.4,11.97,11.38,10.9,10.37,9.8,10.18,10.32,10.71,10.67,10.72,10.33,9.37,9.65,11.01,10.37,10.34,10.8,10.65,10.39,10.38
91,"Madagascar",40.4,41.06,41.06,41.22,40.9,44.34,41.95,41.67,40.21,39.6,41.16,47.41,45.47,39.87,40.98,41.34,42.68,38.7,43.33,44.98,45.02,44.3,46.27,44.84,45.29
92,"Malawi",39.4,40.32,40.19,43.66,39.25,39.91,40.17,38.55,37.52,40.3,40.34,41.99,39.41,38.76,38.76,39.4,37.34,36.75,38.01,36.39,37.29,36.05,35.09,34.28,33.56
93,"Malaysia",37.47,37.3,36.79,35.04,33.22,30.58,30.37,32.1,31.63,31.1,32.27,32.65,32.03,30.59,29.77,29.21,31.23,30.03,31.71,30.17,29.82,29.78,29.84,26.41,26.07
94,"Maldives",28.11,28.29,27.35,26.75,31.5,30.21,30.98,30.22,30.6,30.3,29.39,28.93,27.73,26.83,27.82,30.09,27.92,24.85,25.8,25.28,24.39,24.49,24.21,23.41,20.65
95,"Mali",44.15,45.15,45.28,42.78,43.4,43.36,41.1,44.71,42.22,42.3,39.63,39.7,38.1,41,39.04,36.21,36.86,35.08,36.67,33.28,34.22,31.49,31.4,30.88,29.45
96,"Malta",31.54,30.61,31.4,31.03,30.88,33.12,31.65,30.61,29.72,27.1,30.66,30.15,30.99,31.92,30.84,28.69,26.96,27.3,30.55,29.19,28.06,27.25,27.15,28.08,29.43
97,"Mauritania",36,36.59,35.26,36.38,33.39,31.8,35.57,36.45,36.09,36.1,37.39,38.57,38.27,36.5,33.26,27.78,27.81,28.67,29.9,28.39,27.03,25.42,24.45,24.38,25.75
98,"Mauritius",25.83,25.61,25.94,26.19,25.86,25.43,24.12,22.9,24.01,23.1,21.67,22.14,22.66,23.06,23.05,22.49,20.85,19.24,21.18,20.83,19.67,19.24,20.28,19.62,19.23
99,"Mexico",33.06,33.53,36.34,35.81,38.25,36.63,33.7,32.62,31.44,30.1,31.2,30.99,30.84,29.81,29.47,28.53,30.65,29.82,32.65,31.15,30.25,29.52,30.05,29.14,28.07
100,"Moldova",38.89,43.96,44.53,48.96,49.08,47.1,44.2,42.98,46.3,45.1,45.23,46.53,45.5,42.9,41.6,43.84,41.5,40.89,45.06,43.52,41.05,40.84,39.26,37.35,39.68
101,"Mongolia",18.83,20.65,19.53,21.12,20.12,19.54,19.15,18.81,18.87,18.4,18.88,18.01,17.68,17.31,17.22,16.77,16.89,15.9,16.37,16.35,13.69,13.69,13.04,12.02,13.2
102,"Morocco",36.59,38.18,40.33,38.96,40.42,35.91,38.68,35.7,37.28,36.4,36.48,35.25,34.72,33.92,34.3,32.27,30.94,28.68,30.93,29.37,28.98,29.83,29.79,29.18,27.13
103,"Mozambique",43.14,44.97,44.79,46.87,42.39,41.06,40.67,41.11,40.14,40.3,39.03,36.57,36.6,36.36,35.16,34.26,33.53,33.16,32.84,31.5,31.37,30.13,31.46,31.71,30.98
104,"Myanmar",63.83,61.85,61.55,60.53,59.12,58.63,57.67,57.77,53.59,52.6,49.77,47.66,43.64,43.91,39.86,48.41,46.38,48.89,49.3,48.6,47.56,45.49,43.93,43.3,50.99
105,"Namibia",31.84,31.86,32.12,31.96,32.09,31.57,31.89,31.45,31.88,31.4,31.32,29.14,28.82,28.68,28.21,26,25.11,23.96,24.54,24.79,23.46,22.85,22.85,22.23,21.78
106,"Nepal",43.39,40.59,40.88,39.15,39.97,40.59,39.59,38.68,38.04,36.8,37.2,37.71,37.35,36.86,37.6,36.24,36.59,37.09,38.02,36.48,35.7,35.98,33.46,33.42,30.22
109,"Nicaragua",44.54,44.75,44.82,44.71,44.74,42.7,42.99,43.01,43.23,45.2,43.76,43.5,43.68,43.72,41.78,42.11,41.4,41.79,42.91,42.76,40.9,40.12,38.47,38.58,39.51
110,"Niger",38.66,43.09,42.7,41.65,40.8,40.23,41.28,39.04,42,41.9,40.06,40.25,41.63,42.76,42.33,40.95,41.45,39.27,38.94,35.85,36.51,35.77,35.48,35.74,34.12
111,"Nigeria",56.95,58.17,58.82,66.61,62.21,61.09,60.69,62.33,59.87,57.9,57.64,59.93,57.19,56.72,55.84,51.95,54.96,53.06,53.98,52.8,51.51,51.56,51.7,50.64,52.49
112,"Norway",16.25,17.3,17.17,16.35,15.77,14.84,13.44,13.77,14.04,12.7,12.73,15.2,15.42,13.52,12.9,11.29,11.03,10.47,14.37,14.05,13.63,13.32,13.64,13.35,15.07
113,"Oman",23.41,22.56,22.42,22.42,21.99,20.72,20.11,19.88,20.04,18.9,18.82,19.82,20.17,19.9,20.38,19.55,18.18,15.52,16.83,16.76,17.65,18.25,19.07,21.07,23.91
114,"Pakistan",37.55,34.92,34.4,34.9,34.48,32.81,34.58,34.63,35.35,36.8,35.12,34.97,33.58,33.87,31.19,30.94,30.84,30.49,31.28,30.28,30.91,31.12,30.62,30.29,31.62
115,"Papua New Guinea",41.96,38.86,34.34,32.09,33.64,30.63,35.36,34.44,34.63,36.1,36.43,37.08,37.34,35.67,37.81,37.24,35.29,35.14,33.83,32.2,28.49,27.07,26.32,23.25,35.16
116,"Paraguay",34.63,35.39,33.95,32.29,30.67,32.67,34.54,34.87,37.79,39.8,39.65,40.32,37.6,36.34,35.42,35.19,33.96,32.34,36.18,31.72,30.65,33.87,30.78,29.42,31.66
117,"Peru",59.87,59.25,61,58.5,58.52,59.63,57.08,58.23,59.94,59.9,58.47,56.43,56.65,53.5,54.68,51.36,48.83,46.08,47.7,43.04,40.42,39.73,39.53,40.18,41.53
118,"Philippines",45.43,45.39,45.53,45.4,45.04,42.21,43.5,43.79,44.43,43.3,43.02,42.16,41.39,39.87,36.5,36.18,36.37,35.08,37.02,34.63,33.9,33.61,31.71,29.3,28.04
119,"Poland",33.1,32.7,31.96,30.21,29.54,28.4,27.6,26.14,26.7,26.2,26.9,26.69,26.42,25.84,25.32,24.18,23.51,21.65,21.56,20.93,19.33,19.04,18.86,18.09,16.67
120,"Portugal",23.28,23.66,24.4,24.18,23.62,23.01,22.81,21.88,22.02,21.4,21.79,21.7,22.36,22.26,22.68,22.69,22.05,20.74,21.67,20.79,20.37,20.24,20.38,19.29,17.82
121,"Qatar",16.41,15.4,15.8,17.65,16.68,18.21,17.02,16.65,17.21,19,18.32,17.74,18.31,16.67,17.25,15.33,15.36,15.39,16.69,14.56,12.72,12.28,12.15,12.31,13.08
123,"Russian Federation",39.73,31.49,41.53,45.04,45.65,46.83,48.73,47.72,42.05,41.91,40.81,40.78,40.08,37.68,36.41,35.47,34.59,32.6,36.79,33.7,32.03,31.88,32.21,31.04,33.72
124,"Rwanda",39.72,39.59,39.61,39.91,41.09,41.65,38.69,40.25,41.23,40.3,41.14,39.01,38.52,36.16,39.23,37.79,35.44,32.73,32.48,31.5,29.53,28.47,27.56,26.68,28.05
125,"Saudi Arabia",18.9,17.93,18.07,17.86,18.03,17.98,18.62,19.15,18.22,18.4,18.33,18.79,17.96,17.38,16.63,16.27,15.03,13.76,15.07,14.37,13.97,13.34,13.6,13.88,14.7
126,"Senegal",52.64,52.3,53.39,51.6,50.08,52.6,51.87,47.48,45.97,45.1,44.05,41.48,41.95,40,37.74,39.84,37.16,36.06,39.37,38.36,40.2,37.59,37.21,35.91,33.68
127,"Sierra Leone",38.2,41.77,43.17,43.67,44.51,46.36,46.6,45.96,48.49,48.6,50.14,47.76,45.34,43.88,43.45,42.96,40.92,40.87,40.6,39.34,36.12,32.36,25.69,26.47,34.18
128,"Singapore",13.69,13.38,13.13,12.56,12.17,12.76,12.26,13.56,12.86,13.1,13.4,13.76,13,11.74,11.13,10.88,11.51,10.72,11.87,10.72,10.13,9.9,10.15,9.9,9.2
129,"Slovak Republic",17.19,19.45,19.27,18.28,17.92,18.45,17.17,17.85,17.41,17.6,17.23,17.15,16.57,15.37,14.5,13.52,12.15,11.52,13.47,12.84,11.96,11.81,11.75,11.64,11.18
130,"Slovenia",27.41,28.59,29.47,28.16,28.17,27.02,26.54,25.01,25.88,25.2,25,24.5,24.4,23.25,22.7,20.94,17.96,17.58,22.24,22.54,22.18,22.89,23.02,21.49,20.21
131,"Solomon Islands",30.6,29.61,29.41,25.84,25.71,24.9,25.79,24.97,27.51,33.4,36.36,37.42,36.16,36.03,36.04,35.32,32.52,30.25,32.56,30.15,27.38,27.08,26.88,27.44,30.89
132,"South Africa",29.87,31.12,31.25,29.84,27.66,29.05,28.68,28.62,29.19,28.4,27.78,27.64,28.15,26.58,25.44,21.33,21.81,20.35,23.41,23.23,22.08,22.2,21.47,21.33,21.99
133,"Spain",27.49,28.04,28.69,27.98,27.37,26.13,25.96,24.78,24.47,22.7,23.02,23.13,23.05,23.47,23.32,22.96,22.67,21.53,24.24,23.91,23.65,24.08,24.35,24.04,22.01
134,"Sri Lanka",52.94,51.87,50.43,49.94,50.22,48.67,48.28,47.07,46.3,44.6,46.29,46.85,46.19,45.63,45.93,46.17,47.55,46.35,48.85,41.88,39.33,37.53,38.14,37.02,35.49
135,"Suriname",36.49,38.08,39.36,38.26,37.6,39.11,37.28,37.94,38.13,39.8,36.42,36.36,35.31,33.21,31.42,29.6,27.57,26.38,26.89,25.18,23,23.14,22.46,22.65,23.8
136,"Swaziland",43.99,42.74,44.13,43.61,41.48,41.42,43.7,42.81,42.55,41.4,39.55,38.44,37.55,39.19,38.69,38.02,38.27,38.48,38.17,38.97,40.28,36.44,35.57,34.73,40.94
137,"Sweden",15.54,17.01,17.85,16.66,15.4,16.4,15.07,14.87,13.74,12.6,12.1,12.93,12.91,12.06,12.32,11.14,10.12,10.3,12.71,11.45,11.08,11.89,12.31,11.88,11.74
138,"Switzerland",7.56,8.08,8.23,8.23,8.08,8.05,7.83,7.33,7.27,6.8,7.07,7.34,7.78,7.54,7.3,6.96,6.34,6.16,7.06,6.76,6.62,6.66,6.56,6.39,6.94
139,"Syria",24.23,21.9,20.58,19.13,18.8,18.35,18.72,17.27,18.88,19.3,19.47,18.83,19.16,17.98,17.15,16.53,15.65,20.81,19.21,19.39,21.5,22.18,22.79,22.24,19.53
140,"Taiwan",38.43,37.66,36.72,35.65,35.24,35.89,34.97,35.31,33.62,33.61,34.32,34.17,33.49,32.04,31.43,31.45,31.32,30.12,28.89,28.22,28,28.02,28.01,26.88,28.97
141,"Tajikistan",35.42,47.43,46.64,46.53,45.92,47.23,45.21,46.97,45.51,43.2,44.02,43.98,42.62,43.52,44.48,43.37,42.19,41.2,42.8,42.13,41.59,38.8,39.63,36.54,37.73
142,"Tanzania",60.32,59.95,58.11,57.47,54.69,55.35,56.1,57.87,58.43,58.3,57.09,55.25,53.9,53,51.4,54.32,48.78,47.18,49.49,46.73,44.08,44.29,44.04,40.45,38.91
143,"Thailand",55.72,54.05,54.34,53.11,51.84,50.05,51.98,55.43,56.64,52.6,54.17,51.36,50.51,49.45,48.7,48.24,48.11,47.84,51.22,48.65,47.88,46.67,46.74,47.25,43.12
144,"Togo",38.45,40.7,50.52,42.68,40.48,36.69,32.17,34.52,35.24,35.1,37.73,37.75,36.86,38.24,38.93,38.14,37.27,38.4,37.53,35.9,35.12,35.09,34.16,33.52,31.49
145,"Trinidad and Tobago",43.72,44.75,44.26,43.02,41.56,40.18,38.91,37.03,37.98,34.4,35.73,34.27,33.09,31.56,30.23,27.41,27.43,26.15,30.04,29.85,28.11,28.92,29.36,29.9,31.4
146,"Tunisia",42,40.08,39.6,39.42,38.85,38.92,39.42,40.2,38.46,38.4,36.35,37.74,37.24,34.43,33.98,31.49,29.27,27.16,29.12,27.83,33.85,31.97,32.94,33.08,30.9
147,"Turkey",35.99,35.89,35.3,34.51,32.84,32.95,31.01,32.03,33.26,32.1,32.75,33.74,32.07,30.8,29.77,29.47,30.38,29.14,32.33,30.21,27.65,28.03,27.33,27.45,27.43
148,"Uganda",41.79,41.88,42.66,43.25,41.36,40.93,41.69,42.35,40.72,43.1,41.56,43.23,41.67,40.34,39.18,38.25,36.41,34.46,34.88,34.87,34.63,32.28,32.46,32.75,31.88
149,"Ukraine",38.96,41.79,44.06,48.12,48.92,51.76,56.31,57,51.91,52.2,49.06,47.06,45.29,41.96,42.08,40.89,38.71,36.65,43.53,42.15,39.19,39.65,39.99,39.95,42.9
150,"United Arab Emirates",27.74,28.05,28.5,27.47,27,26.76,26.98,27.72,28.54,26.4,28.15,27.81,27.46,27.53,27.99,28.81,27.36,26.77,25.54,25.09,23.92,23.11,22.44,22.02,24.26
151,"United Kingdom",13.65,13.93,13.37,12.8,12.13,11.95,11.29,10.98,11.11,10.8,10.66,11.19,11.23,11.43,11.39,10.44,10.78,9.83,11,10.33,10.06,9.91,9.57,8.81,8.32
152,"United States",10.12,10,9.69,9.23,8.91,8.9,8.23,8,7.82,7.6,8.01,8.54,8.4,8.43,7.86,7.47,8,7.76,9.18,8.71,8.23,7.83,7.66,7.04,7
153,"Uruguay",47.99,46.04,46.91,44.92,47.52,48.69,42.96,42.2,45.21,46.1,46.57,46.33,43.18,40.74,39.93,39.92,31.94,30.2,30.72,27.32,25.68,23.25,22.49,20.59,20.38
155,"Vietnam",22.24,21.39,22.17,21.75,21.23,20.59,21.31,20.18,19.98,19.2,19.73,19.22,18.92,18.4,17.18,17.64,17.13,16.99,17.4,17.18,16.09,15.79,15.82,15.06,14.78
156,"Yemen",35.03,34.24,34.02,34.35,30.83,29.39,29.8,30.17,28.35,27.4,26.48,27.2,25.42,24.38,23.46,23.18,23.29,23.31,22.94,23.57,32.07,31.98,31.07,27.61,28.81
157,"Zambia",54.17,50.68,50.91,51.39,51.33,52.41,51.74,51.61,49.86,48.9,48.85,47.71,48.4,47.6,49.01,48.52,45.54,43.22,42.17,34.47,36.61,33.38,30.83,30.72,32.99
158,"Zimbabwe",57.35,62.24,59.35,56.29,57.27,54.05,56.16,52.09,56.43,59.4,56.12,58.32,61.83,63.5,63.16,60.58,60.42,61.66,69.08,65.62,63.89,63.69,64.55,65.85,67
